,Date Created,Sentiment_pred,Mode
0,2017-10-13,"[1, 1, 1, 1, -1, -1, 1, -1, -1, -1]",1
1,2017-10-14,"[1, -1, 1, -1, 1, -1, -1, 1, 1, 1]",1
2,2017-10-15,"[1, 1, 1, 1, 1, 1, 1, 1, 1]",1
3,2017-10-16,"[1, 1, -1, -1, -1, -1, -1, -1, -1, 1]",-1
4,2017-10-17,"[1, 1, -1, 1, 1, 1, -1, 1, -1, 1]",1
5,2017-10-18,"[-1, 1, -1, 1, -1, -1, 1, -1, -1, -1]",-1
6,2017-10-19,"[1, -1, -1, -1, -1, -1, -1, 1, 1, 1]",-1
7,2017-10-20,"[1, 1, -1, -1, -1, -1, 1, 1, 1, -1]",1
8,2017-10-21,"[-1, 1, -1, -1, 1]",-1
9,2017-10-22,"[-1, 1, 1, 1]",1
10,2017-10-23,"[1, 1, 1, 1, 1, -1, -1, 1, -1, 1]",1
11,2017-10-24,"[1, 1, 1, 1, 1, -1, 1, -1, -1, -1]",1
12,2017-10-25,"[-1, -1, -1, 1, -1, 1, 1, 1, -1, -1]",-1
13,2017-10-26,"[1, 1, 1, 1, 1, 1, -1, -1, 1, 1]",1
14,2017-10-27,"[1, -1, -1, -1, -1, -1, -1, 1, 1, 1]",-1
15,2017-10-28,"[1, -1, -1, 1, -1, 1, -1, 1, -1]",-1
16,2017-10-29,"[-1, 1, 1, 1, 1]",1
17,2017-10-30,"[1, 1, 1, 1, 1, 1, 1, 1, 1, 1]",1
18,2017-10-31,"[-1, -1, 1, -1, -1, -1, -1, -1, -1, 1]",-1
19,2017-11-01,"[1, -1, -1, -1, -1, 1, -1, -1, -1, 1]",-1
20,2017-11-02,"[1, -1, 1, -1, 1, 1, -1, -1, -1, 1]",1
21,2017-11-03,"[-1, -1, 1, -1, 1, 1, 1, 1, -1, 1]",1
22,2017-11-04,"[-1, -1, 1, 1, -1, 1, 1, -1, 1, 1]",1
23,2017-11-05,"[1, 1, -1, 1, 1, -1, -1]",1
24,2017-11-06,"[1, -1, 1, -1, -1, -1, 1, 1, -1, -1]",-1
25,2017-11-07,"[1, -1, -1, -1, 1, 1, 1, 1, -1, 1]",1
26,2017-11-08,"[-1, 1, 1, -1, 1, -1, 1, 1, 1, 1]",1
27,2017-11-09,"[1, 1, -1, 1, -1, 1, -1, 1, 1, 1]",1
28,2017-11-10,"[-1, 1, 1, 1, 1, -1, -1, -1, 1, -1]",1
29,2017-11-11,"[-1, -1, -1, 1, 1, 1, -1]",-1
30,2017-11-12,"[1, 1, 1, -1, -1, 1, 1, -1, 1, 1]",1
31,2017-11-13,"[-1, 1, 1, -1, 1, -1, -1, 1, 1, -1]",1
32,2017-11-14,"[-1, -1, 1, 1, -1, -1, 1, 1, 1, 1]",1
33,2017-11-15,"[1, -1, -1, -1, -1, -1, 1, -1, 1, -1]",-1
34,2017-11-16,"[-1, 1, -1, 1, 1, -1, -1, 1, 1, 1]",1
35,2017-11-17,"[1, 1, -1, -1, -1, -1, -1, -1, -1, 1]",-1
36,2017-11-18,"[1, -1, 1, 1, 1, 1, 1, 1, 1, 1]",1
37,2017-11-19,"[1, -1, 1, -1, 1, 1, 1, -1, 1]",1
38,2017-11-20,"[-1, -1, -1, 1, 1, 1, 1, 1, 1, 1]",1
39,2017-11-21,"[1, 1, 1, 1, -1, 1, -1, 1, 1, 1]",1
40,2017-11-22,"[1, 1, -1, 1, 1, -1, 1, -1, 1, 1]",1
41,2017-11-23,"[1, 1, 1, 1, 1, 1, 1, -1, -1, 1]",1
42,2017-11-24,"[1, 1, 1, 1, -1, 1, 1, 1, -1, 1]",1
43,2017-11-25,"[-1, 1, -1, -1, 1, 1, 1, 1, 1, 1]",1
44,2017-11-26,"[-1, 1, 1, 1, 1, 1, 1]",1
45,2017-11-27,"[-1, 1, -1, -1, 1, 1, -1, -1, -1, -1]",-1
46,2017-11-28,"[-1, 1, 1, 1, -1, -1, 1, 1, -1, -1]",1
47,2017-11-29,"[1, -1, -1, -1, -1, -1, -1, 1, 1, 1]",-1
48,2017-11-30,"[1, -1, 1, -1, 1, 1, -1, -1, 1, 1]",1
49,2017-12-01,"[1, 1, 1, -1, -1, -1, -1, -1, -1, -1]",-1
50,2017-12-02,"[1, 1, -1, -1, -1, 1, 1, -1, -1, 1]",1
51,2017-12-03,"[1, 1, -1, 1, -1]",1
52,2017-12-04,"[-1, 1, 1, -1, 1, -1, 1, -1, -1, -1]",-1
53,2017-12-05,"[-1, -1, -1, 1, 1, 1, 1, -1, -1, -1]",-1
54,2017-12-06,"[1, -1, 1, -1, -1, -1, -1, -1, 1, -1]",-1
55,2017-12-07,"[-1, 1, 1, -1, 1, 1, -1, 1, -1, 1]",1
56,2017-12-08,"[1, 1, -1, 1, -1, -1, -1, -1, 1, 1]",1
57,2017-12-09,"[1, 1, 1, 1, 1, -1, -1, 1, 1, -1]",1
58,2017-12-10,"[1, 1, 1, -1, 1, 1, 1, 1, -1, 1]",1
59,2017-12-11,"[-1, 1, 1, 1, -1, -1, 1, 1, 1, 1]",1
60,2017-12-12,"[-1, 1, -1, -1, -1, 1, -1, -1, -1, -1]",-1
61,2017-12-13,"[1, -1, 1, 1, -1, -1, -1, -1, 1, -1]",-1
62,2017-12-14,"[1, 1, 1, 1, 1, -1, 1, 1, -1, 1]",1
63,2017-12-15,"[1, 1, 1, 1, -1, 1, -1, 1, 1, 1]",1
64,2017-12-16,"[1, -1, 1, 1, 1, 1, 1, 1, 1, 1]",1
65,2017-12-17,"[1, 1, -1, 1, 1]",1
66,2017-12-18,"[-1, 1, 1, -1, 1, -1, 1, 1, 1, -1]",1
67,2017-12-19,"[1, 1, -1, 1, 1, 1, 1, -1, 1, -1]",1
68,2017-12-20,"[-1, -1, 1, 1, 1, 1, 1, -1, -1, 1]",1
69,2017-12-21,"[1, 1, 1, 1, -1, -1, 1, 1, 1, 1]",1
70,2017-12-22,"[1, -1, -1, 1, -1, 1, -1, -1, 1, 1]",1
71,2017-12-23,"[-1, 1, -1, 1, 1, -1, 1, -1, 1, 1]",1
72,2017-12-24,"[1, 1, 1, -1, 1, -1, 1, -1, -1, 1]",1
73,2017-12-25,"[1, 1, 1, 1, -1, -1, 1, -1]",1
74,2017-12-26,"[-1, 1, -1, -1, -1, -1, -1, 1, 1, 1]",-1
75,2017-12-27,"[-1, -1, 1, -1, -1, -1, -1, 1, 1, -1]",-1
76,2017-12-28,"[-1, 1, 1, -1, -1, -1, -1, 1, 1, -1]",-1
77,2017-12-29,"[1, 1, 1, 1, -1, 1, -1, -1, -1, -1]",1
78,2017-12-30,"[1, 1, -1, 1, 1, -1, 1, 1, 1, 1]",1
79,2017-12-31,"[1, 1, 1, 1, 1]",1
80,2018-01-01,"[-1, 1, -1, 1, -1, 1, -1, -1, -1, 1]",-1
81,2018-01-02,"[1, 1, 1, -1, -1, -1, 1, -1, -1, -1]",-1
82,2018-01-03,"[-1, -1, 1, -1, -1, -1, 1, 1, -1, 1]",-1
83,2018-01-04,"[1, -1, -1, -1, -1, -1, -1, -1, 1, 1]",-1
84,2018-01-05,"[-1, 1, -1, -1, -1, 1, 1, -1, 1, -1]",-1
85,2018-01-06,"[1, -1, 1, -1, 1, 1, 1, 1, 1, -1]",1
86,2018-01-07,"[1, 1, 1, -1, 1, -1, 1, 1, 1]",1
87,2018-01-08,"[-1, 1, -1, -1, -1, -1, -1, -1, 1, 1]",-1
88,2018-01-09,"[-1, -1, 1, 1, 1, -1, 1, 1, -1, 1]",1
89,2018-01-10,"[-1, -1, 1, -1, 1, 1, 1, -1, -1, -1]",-1
90,2018-01-11,"[1, 1, 1, 1, -1, 1, -1, -1, -1, 1]",1
91,2018-01-12,"[1, -1, -1, 1, -1, 1, 1, 1, -1, -1]",1
92,2018-01-13,"[1, -1, 1, 1, -1, 1, 1, 1, 1, 1]",1
93,2018-01-14,"[-1, 1, -1]",-1
94,2018-01-15,"[1, 1, 1, -1, 1, 1, -1, 1, -1, 1]",1
95,2018-01-16,"[-1, -1, 1, -1, -1, 1, -1, 1, 1, -1]",-1
96,2018-01-17,"[1, -1, -1, -1, 1, 1, 1, -1, 1, 1]",1
97,2018-01-18,"[-1, -1, 1, 1, 1, 1, 1, 1, -1, -1]",1
98,2018-01-19,"[-1, 1, -1, 1, -1, 1, 1, -1, -1, 1]",1
99,2018-01-20,"[-1, -1, 1, 1, -1, -1, 1, 1, -1, 1]",1
100,2018-01-21,"[-1, -1, -1, 1, -1, 1, -1, -1, 1, 1]",-1
101,2018-01-22,"[1, -1, 1, 1, 1, 1, -1, -1, -1, 1]",1
102,2018-01-23,"[1, -1, -1, 1, 1, 1, -1, 1, -1, 1]",1
103,2018-01-24,"[-1, 1, 1, 1, -1, -1, -1, -1, 1, -1]",-1
104,2018-01-25,"[-1, -1, -1, 1, -1, -1, -1, -1, 1, 1]",-1
105,2018-01-26,"[1, 1, 1, 1, 1, -1, 1, -1, 1, -1]",1
106,2018-01-27,"[1, 1, -1, 1, -1, 1, 1, 1, 1, 1]",1
107,2018-01-28,"[1, -1, -1, 1, 1, 1, 1, 1, -1, 1]",1
108,2018-01-29,"[1, -1, -1, -1, -1, 1, 1, -1, -1, -1]",-1
109,2018-01-30,"[1, -1, -1, 1, 1, -1, -1, -1, 1, 1]",1
110,2018-01-31,"[1, -1, -1, -1, -1, 1, -1, -1, -1, 1]",-1
111,2018-02-01,"[1, 1, -1, -1, -1, -1, 1, 1, -1, 1]",1
112,2018-02-02,"[1, -1, 1, -1, -1, 1, -1, -1, -1, -1]",-1
113,2018-02-03,"[-1, -1, 1, -1, 1, 1, 1, 1, -1, -1]",1
114,2018-02-04,"[1, -1, -1, -1, -1, 1, 1, 1, 1, 1]",1
115,2018-02-05,"[-1, -1, 1, 1, -1, -1, 1, -1, -1, -1]",-1
116,2018-02-06,"[-1, 1, 1, -1, -1, 1, -1, 1, -1, 1]",1
117,2018-02-07,"[1, -1, 1, 1, 1, 1, -1, -1, 1, 1]",1
118,2018-02-08,"[1, -1, -1, 1, 1, -1, 1, -1, 1, -1]",1
119,2018-02-09,"[1, -1, 1, 1, 1, -1, -1, 1, -1, -1]",1
120,2018-02-10,"[-1, -1, 1, 1, -1, -1, 1, 1, 1, 1]",1
121,2018-02-11,"[-1, -1, -1, 1, 1, -1, -1, -1, -1, 1]",-1
122,2018-02-12,"[-1, -1, -1, -1, 1, 1, -1, -1, -1, 1]",-1
123,2018-02-13,"[1, -1, -1, -1, 1, 1, -1, 1, 1, -1]",1
124,2018-02-14,"[1, 1, -1, -1, -1, 1, 1, -1, 1, 1]",1
125,2018-02-15,"[-1, 1, 1, 1, 1, -1, -1, 1, 1, 1]",1
126,2018-02-16,"[-1, -1, 1, 1, -1, 1, 1, 1, 1, -1]",1
127,2018-02-17,"[-1, -1, -1, -1, -1, -1, 1, 1, 1, 1]",-1
128,2018-02-18,"[-1, -1, 1, 1, 1, 1, 1, 1, 1]",1
129,2018-02-19,"[1, 1, 1, -1, -1, -1, 1, -1, -1, -1]",-1
130,2018-02-20,"[1, -1, 1, -1, 1, 1, 1, -1, 1, -1]",1
131,2018-02-21,"[-1, -1, -1, 1, 1, -1, -1, -1, -1, -1]",-1
132,2018-02-22,"[-1, -1, -1, 1, 1, -1, -1, -1, 1, -1]",-1
133,2018-02-23,"[1, 1, 1, 1, -1, 1, 1, 1, -1, 1]",1
134,2018-02-24,"[1, 1, 1, -1, 1, -1, 1, 1, 1, 1]",1
135,2018-02-25,"[-1, -1, -1, -1, 1, 1, 1, 1, -1, -1]",-1
136,2018-02-26,"[1, 1, 1, 1, 1, -1, -1, 1, 1, -1]",1
137,2018-02-27,"[-1, 1, -1, -1, 1, 1, -1, 1, 1, -1]",1
138,2018-02-28,"[1, -1, -1, -1, -1, 1, -1, 1, -1, -1]",-1
139,2018-03-01,"[1, -1, -1, 1, -1, -1, -1, 1, 1, -1]",-1
140,2018-03-02,"[-1, 1, 1, 1, 1, 1, -1, -1, -1, 1]",1
141,2018-03-03,"[1, 1, -1, -1, -1, -1, 1, 1, 1, -1]",1
142,2018-03-04,"[1, -1, -1, -1, 1, 1, -1, 1, 1, -1]",1
143,2018-03-05,"[-1, 1, -1, -1, -1, -1, -1, -1, -1, -1]",-1
144,2018-03-06,"[-1, -1, -1, -1, 1, 1, 1, -1, 1, -1]",-1
145,2018-03-07,"[1, 1, -1, 1, 1, 1, 1, 1, -1, 1]",1
146,2018-03-08,"[1, 1, 1, 1, 1, -1, -1, 1, -1, -1]",1
147,2018-03-09,"[-1, 1, -1, -1, 1, -1, 1, -1, -1, 1]",-1
148,2018-03-10,"[1, -1, 1, 1, -1, 1, 1, -1, 1, -1]",1
149,2018-03-11,"[1, 1, -1, -1, 1, -1, 1, 1, -1, -1]",1
150,2018-03-12,"[1, -1, -1, 1, -1, -1, -1, 1, -1, -1]",-1
151,2018-03-13,"[-1, -1, -1, -1, 1, -1, -1, 1, -1, -1]",-1
152,2018-03-14,"[-1, 1, 1, 1, 1, -1, -1, -1, 1, -1]",1
153,2018-03-15,"[1, -1, -1, -1, -1, 1, -1, -1, -1, 1]",-1
154,2018-03-16,"[-1, -1, 1, -1, -1, 1, -1, 1, 1, -1]",-1
155,2018-03-17,"[1, -1, 1, 1, 1, 1, 1, -1, 1, -1]",1
156,2018-03-18,"[1, 1, 1, 1, 1, 1, 1, -1, 1, 1]",1
157,2018-03-19,"[1, -1, -1, -1, -1, -1, 1, -1, -1, -1]",-1
158,2018-03-20,"[1, -1, -1, 1, 1, -1, 1, -1, 1, -1]",1
159,2018-03-21,"[-1, 1, -1, 1, -1, 1, -1, 1, -1, 1]",1
160,2018-03-22,"[1, 1, -1, 1, -1, -1, 1, 1, 1, -1]",1
161,2018-03-23,"[1, 1, -1, -1, -1, 1, -1, 1, -1, 1]",1
162,2018-03-24,"[1, 1, 1, -1, -1, -1, -1, 1, 1, 1]",1
163,2018-03-25,"[1, -1, 1, 1, 1, 1, -1, 1, -1, -1]",1
164,2018-03-26,"[-1, 1, -1, -1, -1, 1, -1, 1, 1, 1]",1
165,2018-03-27,"[-1, -1, 1, 1, -1, -1, -1, -1, -1, 1]",-1
166,2018-03-28,"[-1, -1, -1, -1, 1, -1, 1, -1, -1, -1]",-1
167,2018-03-29,"[1, -1, -1, 1, -1, -1, -1, -1, 1, 1]",-1
168,2018-03-30,"[-1, 1, 1, -1, 1, -1, 1, 1, 1, -1]",1
169,2018-03-31,"[1, 1, -1, -1, 1, 1, -1, 1, -1, -1]",1
170,2018-04-01,"[1, 1, 1, -1, -1, -1, 1, -1, -1, 1]",1
171,2018-04-02,"[-1, 1, 1, -1, 1, 1, -1, 1, -1, 1]",1
172,2018-04-03,"[-1, 1, -1, -1, 1, 1, 1, 1, -1, -1]",1
173,2018-04-04,"[1, -1, -1, 1, -1, -1, -1, -1, -1, -1]",-1
174,2018-04-05,"[1, 1, -1, -1, -1, 1, -1, 1, -1, -1]",-1
175,2018-04-06,"[-1, -1, 1, -1, -1, 1, 1, -1, 1, -1]",-1
176,2018-04-07,"[-1, -1, 1, 1, 1, 1, 1, -1, 1, 1]",1
177,2018-04-08,"[1, -1, -1, 1, 1, -1, -1, 1, -1, 1]",1
178,2018-04-09,"[1, -1, -1, -1, -1, 1, 1, -1, -1, -1]",-1
179,2018-04-10,"[-1, -1, -1, 1, 1, -1, -1, 1, 1, -1]",-1
180,2018-04-11,"[1, 1, -1, 1, -1, 1, -1, 1, 1, -1]",1
181,2018-04-12,"[1, 1, 1, 1, 1, -1, -1, 1, -1, -1]",1
182,2018-04-13,"[-1, -1, -1, 1, -1, -1, 1, -1, 1, -1]",-1
183,2018-04-14,"[1, 1, -1, -1, -1, 1, -1, 1, 1, -1]",1
184,2018-04-15,"[1, 1, 1, 1, 1, 1, 1, 1, 1, 1]",1
185,2018-04-16,"[1, -1, 1, -1, 1, -1, 1, -1, 1, -1]",1
186,2018-04-17,"[1, 1, 1, -1, 1, -1, 1, 1, -1, -1]",1
187,2018-04-18,"[1, 1, -1, 1, 1, 1, 1, -1, -1, 1]",1
188,2018-04-19,"[-1, 1, 1, -1, -1, -1, 1, -1, 1, -1]",-1
189,2018-04-20,"[1, -1, -1, -1, 1, -1, -1, 1, 1, 1]",1
190,2018-04-21,"[-1, 1, 1, -1, -1, -1, 1, 1, 1, -1]",1
191,2018-04-22,"[-1, -1, 1, 1, 1, -1, 1, 1, 1, -1]",1
192,2018-04-23,"[1, 1, 1, 1, -1, -1, -1, -1, 1, 1]",1
193,2018-04-24,"[1, -1, 1, 1, -1, -1, -1, -1, -1, -1]",-1
194,2018-04-25,"[-1, 1, -1, -1, 1, -1, 1, -1, 1, -1]",-1
195,2018-04-26,"[-1, -1, -1, -1, -1, 1, 1, -1, 1, 1]",-1
196,2018-04-27,"[1, -1, 1, -1, -1, 1, -1, 1, 1, -1]",1
197,2018-04-28,"[1, 1, 1, 1, 1, 1, -1, -1, -1, 1]",1
198,2018-04-29,"[1, -1, 1, 1, 1, 1, 1, 1, 1, 1]",1
199,2018-04-30,"[-1, 1, -1, -1, 1, -1, 1, 1, -1, 1]",1
200,2018-05-01,"[-1, 1, 1, 1, 1, 1, 1, -1, 1, 1]",1
201,2018-05-02,"[-1, 1, -1, 1, -1, 1, 1, 1, 1, 1]",1
202,2018-05-03,"[-1, -1, 1, 1, -1, -1, 1, -1, -1, 1]",-1
203,2018-05-04,"[-1, -1, 1, 1, 1, 1, 1, -1, 1, -1]",1
204,2018-05-05,"[1, -1, -1, 1, -1, -1, 1, -1, 1, 1]",1
205,2018-05-06,"[1, 1, -1, -1, 1, 1, -1, -1, 1, 1]",1
206,2018-05-07,"[1, 1, -1, -1, 1, 1, 1, 1, 1, 1]",1
207,2018-05-08,"[1, -1, -1, -1, -1, -1, -1, 1, 1, 1]",-1
208,2018-05-09,"[-1, -1, 1, -1, -1, 1, -1, -1, -1, -1]",-1
209,2018-05-10,"[1, -1, 1, 1, -1, 1, -1, -1, 1, 1]",1
210,2018-05-11,"[1, 1, 1, 1, -1, 1, 1, 1, -1, -1]",1
211,2018-05-12,"[1, 1, -1, -1, -1, -1, -1, -1, -1, -1]",-1
212,2018-05-13,"[1, -1, -1, 1, 1, 1, -1, 1, -1, 1]",1
213,2018-05-14,"[-1, -1, 1, 1, 1, 1, -1, -1, -1, -1]",-1
214,2018-05-15,"[1, 1, 1, -1, 1, -1, 1, -1, 1, 1]",1
215,2018-05-16,"[1, 1, 1, 1, -1, -1, -1, -1, 1, 1]",1
216,2018-05-17,"[1, 1, -1, 1, -1, 1, -1, 1, -1, -1]",1
217,2018-05-18,"[1, -1, 1, -1, -1, -1, -1, 1, 1, -1]",-1
218,2018-05-19,"[1, 1, -1, 1, -1, -1, -1, 1, 1, 1]",1
219,2018-05-20,"[1, 1, 1, -1, -1, 1, 1, -1, -1, -1]",1
220,2018-05-21,"[-1, 1, 1, -1, 1, -1, 1, -1, -1, -1]",-1
221,2018-05-22,"[1, 1, -1, -1, 1, -1, -1, 1, 1, -1]",1
222,2018-05-23,"[1, -1, -1, -1, 1, -1, -1, -1, 1, -1]",-1
223,2018-05-24,"[1, 1, 1, 1, -1, -1, 1, -1, 1, -1]",1
224,2018-05-25,"[1, 1, 1, 1, -1, 1, -1, -1, -1, -1]",1
225,2018-05-26,"[1, -1, -1, 1, 1, -1, 1, -1, 1, 1]",1
226,2018-05-27,"[1, -1, 1, -1, 1, 1, 1, -1, -1, -1]",1
227,2018-05-28,"[1, 1, 1, -1, -1, 1, -1, 1, 1, -1]",1
228,2018-05-29,"[1, -1, -1, -1, -1, -1, 1, -1, -1, -1]",-1
229,2018-05-30,"[1, -1, -1, -1, -1, -1, -1, -1, -1, 1]",-1
230,2018-05-31,"[1, 1, 1, -1, 1, 1, 1, -1, 1, -1]",1
231,2018-06-01,"[1, -1, -1, 1, 1, -1, 1, 1, -1, -1]",1
232,2018-06-02,"[-1, 1, -1, 1, 1, 1, 1, 1, 1, -1]",1
233,2018-06-03,"[-1, 1, 1, 1, 1, 1, 1, 1, 1, 1]",1
234,2018-06-04,"[1, -1, -1, -1, 1, -1, 1, -1, 1, 1]",1
235,2018-06-05,"[-1, -1, -1, -1, 1, -1, -1, -1, -1, 1]",-1
236,2018-06-06,"[1, -1, 1, -1, -1, 1, -1, -1, -1, 1]",-1
237,2018-06-07,"[1, 1, 1, -1, 1, 1, 1, 1, -1, -1]",1
238,2018-06-08,"[1, 1, 1, 1, -1, -1, 1, 1, -1, -1]",1
239,2018-06-09,"[-1, 1, -1, 1, 1, -1, 1, -1, -1, 1]",1
240,2018-06-10,"[1, -1, 1, -1, -1, -1, 1, 1, -1, 1]",1
241,2018-06-11,"[1, 1, 1, 1, -1, -1, 1, 1, -1, -1]",1
242,2018-06-12,"[1, -1, 1, 1, 1, 1, 1, -1, 1, -1]",1
243,2018-06-13,"[1, 1, -1, 1, -1, -1, -1, -1, -1, 1]",-1
244,2018-06-14,"[1, -1, -1, 1, -1, 1, 1, -1, -1, 1]",1
245,2018-06-15,"[1, 1, 1, -1, -1, 1, 1, 1, -1, 1]",1
246,2018-06-16,"[1, 1, -1, 1, 1, 1, 1, 1, -1, -1]",1
247,2018-06-17,"[-1, -1, 1, -1, -1, 1, 1, -1, -1, 1]",-1
248,2018-06-18,"[1, -1, 1, 1, 1, -1, 1, 1, 1, 1]",1
249,2018-06-19,"[1, 1, -1, 1, -1, 1, -1, -1, 1, 1]",1
250,2018-06-20,"[-1, 1, -1, 1, 1, 1, -1, 1, 1, 1]",1
251,2018-06-21,"[-1, 1, 1, 1, 1, -1, -1, 1, 1, -1]",1
252,2018-06-22,"[-1, -1, -1, -1, 1, 1, -1, 1, -1, -1]",-1
253,2018-06-23,"[-1, -1, -1, 1, -1, -1, 1, -1, 1, -1]",-1
254,2018-06-24,"[1, 1, 1, 1, -1, 1, 1, 1, -1, 1]",1
255,2018-06-25,"[1, -1, 1, 1, 1, 1, -1, 1, -1, 1]",1
256,2018-06-26,"[1, -1, 1, 1, 1, -1, 1, 1, -1, -1]",1
257,2018-06-27,"[-1, 1, -1, -1, 1, 1, 1, 1, 1, -1]",1
258,2018-06-28,"[-1, -1, -1, 1, 1, 1, 1, -1, -1, -1]",-1
259,2018-06-29,"[1, 1, -1, -1, 1, 1, 1, 1, 1, 1]",1
260,2018-06-30,"[-1, -1, 1, 1, 1, 1, -1, 1, -1, -1]",1
261,2018-07-01,"[-1, 1, 1, -1, -1, -1, 1, -1, -1, 1]",-1
262,2018-07-02,"[-1, 1, 1, 1, 1, 1, -1, -1, -1, -1]",1
263,2018-07-03,"[-1, -1, 1, -1, 1, 1, 1, 1, 1, -1]",1
264,2018-07-04,"[-1, 1, 1, 1, 1, 1, -1, -1, -1, 1]",1
265,2018-07-05,"[-1, -1, 1, -1, 1, 1, 1, 1, 1, -1]",1
266,2018-07-06,"[1, 1, -1, 1, 1, -1, 1, 1, -1, -1]",1
267,2018-07-07,"[-1, 1, 1, 1, -1, 1, 1, 1, -1, 1]",1
268,2018-07-08,"[1, 1, -1, 1, 1, 1, 1, 1, 1, 1]",1
269,2018-07-09,"[-1, 1, 1, -1, 1, 1, -1, -1, 1, -1]",1
270,2018-07-10,"[-1, -1, 1, 1, -1, -1, 1, 1, 1, 1]",1
271,2018-07-11,"[-1, 1, 1, 1, 1, 1, -1, 1, 1, 1]",1
272,2018-07-12,"[1, -1, -1, 1, -1, 1, -1, -1, 1, -1]",-1
273,2018-07-13,"[1, 1, 1, 1, -1, 1, 1, 1, 1, -1]",1
274,2018-07-14,"[1, 1, 1, 1, -1, 1, -1, -1, -1, 1]",1
275,2018-07-15,"[1, 1, -1, 1, 1, 1, 1, 1, 1, 1]",1
276,2018-07-16,"[-1, 1, 1, -1, -1, 1, -1, 1, 1, 1]",1
277,2018-07-17,"[-1, -1, 1, 1, 1, 1, -1, 1, -1, -1]",1
278,2018-07-18,"[1, -1, -1, -1, -1, 1, -1, 1, -1, 1]",-1
279,2018-07-19,"[1, 1, 1, 1, -1, 1, 1, -1, 1, -1]",1
280,2018-07-20,"[1, 1, -1, 1, -1, 1, -1, -1, 1, 1]",1
281,2018-07-21,"[1, 1, -1, -1, 1, 1, -1, 1, -1, 1]",1
282,2018-07-22,"[-1, 1, -1, 1, 1, 1, 1, 1, 1, -1]",1
283,2018-07-23,"[-1, 1, 1, 1, 1, -1, 1, -1, -1, -1]",1
284,2018-07-24,"[1, 1, 1, -1, -1, -1, 1, 1, -1, -1]",1
285,2018-07-25,"[1, -1, 1, 1, 1, 1, 1, 1, 1, -1]",1
286,2018-07-26,"[1, 1, -1, 1, 1, -1, 1, 1, -1, 1]",1
287,2018-07-27,"[1, 1, 1, 1, 1, -1, 1, 1, 1, -1]",1
288,2018-07-28,"[-1, 1, 1, 1, 1, -1, -1, -1, 1, 1]",1
289,2018-07-29,"[-1, -1, -1, 1, 1, -1, 1, 1, -1, 1]",1
290,2018-07-30,"[1, 1, 1, -1, -1, -1, -1, -1, 1, 1]",1
291,2018-07-31,"[1, -1, 1, -1, 1, 1, -1, -1, 1, 1]",1
292,2018-08-01,"[1, 1, -1, 1, 1, -1, 1, 1, 1, -1]",1
293,2018-08-02,"[1, 1, 1, 1, -1, -1, -1, -1, -1, -1]",-1
294,2018-08-03,"[1, 1, 1, -1, -1, 1, 1, -1, -1, 1]",1
295,2018-08-04,"[-1, 1, 1, -1, 1, 1, 1, 1, 1, -1]",1
296,2018-08-05,"[1, 1, 1, -1, 1, 1, -1, -1, 1, -1]",1
297,2018-08-06,"[-1, 1, 1, 1, 1, 1, 1, -1, -1, -1]",1
298,2018-08-07,"[1, -1, 1, -1, -1, 1, 1, 1, 1, 1]",1
299,2018-08-08,"[1, -1, -1, 1, 1, 1, 1, 1, 1, 1]",1
300,2018-08-09,"[-1, 1, -1, 1, 1, -1, -1, 1, 1, 1]",1
301,2018-08-10,"[1, -1, 1, 1, 1, -1, 1, 1, 1, -1]",1
302,2018-08-11,"[1, -1, -1, 1, -1, 1, -1, -1, 1, -1]",-1
303,2018-08-12,"[1, 1, 1, -1, 1, 1, -1, 1, 1, 1]",1
304,2018-08-13,"[1, 1, 1, 1, 1, -1, 1, 1, 1, 1]",1
305,2018-08-14,"[1, -1, 1, 1, 1, 1, 1, 1, 1, -1]",1
306,2018-08-15,"[-1, 1, -1, -1, 1, 1, -1, 1, 1, 1]",1
307,2018-08-16,"[-1, 1, 1, 1, 1, -1, -1, 1, 1, 1]",1
308,2018-08-17,"[-1, -1, 1, 1, -1, 1, -1, 1, -1, -1]",-1
309,2018-08-18,"[-1, 1, 1, -1, 1, -1, -1, -1, -1, -1]",-1
310,2018-08-19,"[1, 1, 1, -1, 1, 1, 1, -1, 1]",1
311,2018-08-20,"[1, 1, 1, 1, 1, -1, 1, -1, 1, 1]",1
312,2018-08-21,"[-1, 1, 1, -1, 1, 1, 1, -1, 1, -1]",1
313,2018-08-22,"[-1, 1, -1, 1, -1, -1, -1, 1, -1, 1]",-1
314,2018-08-23,"[1, 1, 1, -1, -1, 1, 1, 1, 1, 1]",1
315,2018-08-24,"[-1, 1, 1, 1, -1, 1, -1, 1, -1, 1]",1
316,2018-08-25,"[1, -1, 1, 1, -1, 1, 1, 1, 1, 1]",1
317,2018-08-26,"[-1, 1, 1, -1, 1, 1, 1, -1, -1, 1]",1
318,2018-08-27,"[1, 1, -1, 1, 1, -1, -1, -1, -1, -1]",-1
319,2018-08-28,"[1, 1, -1, 1, -1, -1, -1, 1, -1, 1]",1
320,2018-08-29,"[-1, -1, 1, -1, -1, 1, 1, -1, 1, 1]",1
321,2018-08-30,"[-1, -1, -1, -1, -1, -1, -1, 1, -1, -1]",-1
322,2018-08-31,"[1, 1, -1, 1, 1, 1, 1, 1, -1, -1]",1
323,2018-09-01,"[1, -1, 1, 1, 1, -1, -1, -1, -1, -1]",-1
324,2018-09-02,"[1, 1, -1, 1, 1, -1, -1, -1, -1, 1]",1
325,2018-09-03,"[1, 1, -1, -1, -1, 1, 1, -1, 1, 1]",1
326,2018-09-04,"[1, 1, 1, 1, 1, 1, 1, 1, 1, -1]",1
327,2018-09-05,"[1, 1, 1, 1, -1, 1, -1, -1, -1, 1]",1
328,2018-09-06,"[1, 1, -1, -1, 1, 1, -1, -1, -1, 1]",1
329,2018-09-07,"[-1, 1, -1, -1, -1, -1, 1, 1, -1, 1]",-1
330,2018-09-08,"[-1, -1, -1, 1, 1, 1, -1, 1, 1, 1]",1
331,2018-09-09,"[1, 1, -1, -1, -1, 1, -1, -1, -1, -1]",-1
332,2018-09-10,"[-1, -1, 1, -1, -1, -1, 1, -1, -1, -1]",-1
333,2018-09-11,"[-1, 1, 1, 1, 1, -1, -1, -1, -1, -1]",-1
334,2018-09-12,"[-1, -1, -1, 1, -1, 1, -1, -1, -1, -1]",-1
335,2018-09-13,"[-1, 1, 1, -1, 1, -1, -1, -1, 1, -1]",-1
336,2018-09-14,"[1, 1, 1, 1, -1, -1, -1, 1, 1, -1]",1
337,2018-09-15,"[-1, -1, -1, 1, 1, 1, -1, -1, -1, 1]",-1
338,2018-09-16,"[1, 1, 1, -1, -1, -1, 1, 1, 1, 1]",1
339,2018-09-17,"[-1, 1, 1, 1, 1, -1, -1, 1, 1, -1]",1
340,2018-09-18,"[1, 1, -1, 1, -1, 1, -1, 1, -1, -1]",1
341,2018-09-19,"[1, 1, 1, -1, -1, -1, 1, 1, -1, 1]",1
342,2018-09-20,"[1, -1, -1, 1, -1, 1, -1, -1, -1, 1]",-1
343,2018-09-21,"[-1, -1, 1, 1, -1, -1, -1, 1, 1, 1]",1
344,2018-09-22,"[-1, -1, -1, -1, -1, 1, -1, 1, -1, 1]",-1
345,2018-09-23,"[-1, 1, -1, 1, -1, -1, 1, -1, -1, 1]",-1
346,2018-09-24,"[-1, 1, 1, -1, 1, 1, -1, -1, -1, 1]",1
347,2018-09-25,"[1, -1, 1, 1, -1, -1, 1, 1, -1, 1]",1
348,2018-09-26,"[-1, 1, -1, 1, -1, 1, 1, -1, -1, 1]",1
349,2018-09-27,"[-1, 1, 1, 1, 1, 1, 1, -1, -1, 1]",1
350,2018-09-28,"[1, 1, 1, 1, 1, 1, 1, -1, 1, -1]",1
351,2018-09-29,"[-1, -1, -1, 1, 1, -1, -1, -1, 1, -1]",-1
352,2018-09-30,"[-1, 1, -1, 1, 1, -1, 1, -1, 1, 1]",1
353,2018-10-01,"[1, -1, 1, 1, 1, 1, 1, -1, -1, -1]",1
354,2018-10-02,"[1, -1, -1, -1, -1, -1, -1, -1, 1, -1]",-1
355,2018-10-03,"[1, 1, 1, 1, 1, 1, 1, 1, 1, 1]",1
356,2018-10-04,"[-1, -1, -1, -1, 1, -1, -1, 1, 1, 1]",-1
357,2018-10-05,"[-1, 1, 1, 1, 1, 1, -1, 1, 1, 1]",1
358,2018-10-06,"[1, 1, 1, 1, 1, 1, -1, -1, -1, 1]",1
359,2018-10-07,"[1, -1, 1, 1, 1, -1, 1, 1, 1, -1]",1
360,2018-10-08,"[1, 1, 1, -1, 1, 1, 1, 1, 1, -1]",1
361,2018-10-09,"[-1, 1, -1, 1, 1, 1, 1, -1, 1, -1]",1
362,2018-10-10,"[-1, -1, 1, -1, 1, 1, -1, -1, -1, 1]",-1
363,2018-10-11,"[1, 1, -1, 1, 1, 1, -1, 1, -1, -1]",1
364,2018-10-12,"[-1, 1, 1, -1, -1, -1, 1, -1, -1, 1]",-1
365,2018-10-13,"[-1, 1, 1, -1, -1, -1, -1, -1, 1, -1]",-1
366,2018-10-14,"[1, -1, -1, 1, -1, -1, 1, 1, 1, 1]",1
367,2018-10-15,"[-1, 1, -1, -1, -1, -1, 1, 1, 1, 1]",1
368,2018-10-16,"[-1, -1, -1, -1, 1, -1, 1, -1, 1, 1]",-1
369,2018-10-17,"[1, 1, 1, 1, 1, 1, 1, 1, 1, -1]",1
370,2018-10-18,"[1, 1, -1, -1, -1, 1, -1, -1, 1, 1]",1
371,2018-10-19,"[1, 1, -1, 1, -1, 1, -1, -1, -1, -1]",-1
372,2018-10-20,"[1, -1, -1, 1, 1, -1, -1, -1, 1, 1]",1
373,2018-10-21,"[-1, -1, -1, 1, -1, -1, 1, 1, 1, -1]",-1
374,2018-10-22,"[1, 1, 1, 1, -1, 1, -1, -1, -1, -1]",1
375,2018-10-23,"[-1, 1, 1, 1, 1, -1, 1, -1, -1, -1]",1
376,2018-10-24,"[-1, 1, -1, 1, 1, -1, 1, 1, 1, 1]",1
377,2018-10-25,"[1, 1, -1, -1, 1, -1, 1, 1, -1, 1]",1
378,2018-10-26,"[1, 1, -1, -1, 1, -1, -1, 1, 1, -1]",1
379,2018-10-27,"[-1, 1, 1, -1, 1, -1, 1, -1, -1, -1]",-1
380,2018-10-28,"[1, -1, -1, -1, 1, -1, 1, -1, 1, -1]",-1
381,2018-10-29,"[-1, 1, 1, 1, 1, -1, -1, -1, 1, 1]",1
382,2018-10-30,"[1, 1, 1, -1, -1, -1, 1, -1, -1, -1]",-1
383,2018-10-31,"[1, -1, 1, 1, -1, -1, 1, 1, 1, 1]",1
384,2018-11-01,"[1, 1, -1, 1, -1, -1, 1, -1, 1, 1]",1
385,2018-11-02,"[1, 1, -1, 1, 1, -1, -1, 1, 1, -1]",1
386,2018-11-03,"[-1, 1, -1, 1, -1, 1, -1, 1, 1, -1]",1
387,2018-11-04,"[-1, 1, -1, -1, -1, -1, 1, -1, 1, 1]",-1
388,2018-11-05,"[-1, 1, -1, 1, -1, 1, -1, -1, 1, 1]",1
389,2018-11-06,"[1, 1, 1, 1, -1, -1, 1, 1, -1, 1]",1
390,2018-11-07,"[1, 1, -1, -1, 1, 1, 1, 1, 1, 1]",1
391,2018-11-08,"[-1, 1, 1, -1, -1, -1, 1, -1, -1, 1]",-1
392,2018-11-09,"[-1, 1, 1, 1, 1, 1, 1, 1, -1, 1]",1
393,2018-11-10,"[-1, 1, 1, 1, -1, 1, 1, -1, 1, 1]",1
394,2018-11-11,"[-1, -1, 1, 1, 1, -1, 1, -1, 1, 1]",1
395,2018-11-12,"[-1, -1, 1, 1, 1, 1, 1, -1, -1, -1]",1
396,2018-11-13,"[1, 1, 1, 1, 1, 1, -1, 1, 1, 1]",1
397,2018-11-14,"[-1, 1, 1, 1, -1, -1, 1, 1, 1, 1]",1
398,2018-11-15,"[-1, 1, -1, -1, 1, 1, -1, -1, 1, -1]",-1
399,2018-11-16,"[-1, 1, 1, 1, 1, -1, 1, -1, -1, 1]",1
400,2018-11-17,"[-1, -1, 1, -1, -1, 1, -1, 1, -1, 1]",-1
401,2018-11-18,"[1, 1, -1, 1, -1, -1, -1, 1, -1, 1]",1
402,2018-11-19,"[1, 1, -1, -1, -1, 1, 1, 1, 1, -1]",1
403,2018-11-20,"[1, -1, 1, -1, -1, -1, 1, 1, 1, 1]",1
404,2018-11-21,"[-1, -1, -1, -1, 1, -1, 1, -1, 1, -1]",-1
405,2018-11-22,"[1, 1, -1, 1, -1, -1, 1, 1, 1, -1]",1
406,2018-11-23,"[1, -1, 1, -1, 1, -1, 1, 1, -1, 1]",1
407,2018-11-24,"[1, 1, 1, 1, -1, 1, 1, -1, 1, -1]",1
408,2018-11-25,"[1, -1, 1, -1, 1, -1, 1, -1, -1, 1]",1
409,2018-11-26,"[1, -1, 1, -1, 1, -1, 1, 1, -1, 1]",1
410,2018-11-27,"[-1, 1, 1, 1, 1, 1, 1, 1, -1, 1]",1
411,2018-11-28,"[1, 1, -1, 1, 1, 1, 1, 1, -1, 1]",1
412,2018-11-29,"[-1, -1, 1, -1, -1, 1, 1, 1, -1, -1]",-1
413,2018-11-30,"[-1, 1, -1, 1, -1, 1, 1, 1, 1, -1]",1
414,2018-12-01,"[1, 1, 1, 1, -1, 1, 1, 1, 1, 1]",1
415,2018-12-02,"[1, -1, 1, 1, -1, 1, -1, -1, 1, 1]",1
416,2018-12-03,"[1, -1, 1, 1, -1, -1, 1, 1, -1, -1]",1
417,2018-12-04,"[1, 1, -1, 1, -1, 1, 1, -1, 1, 1]",1
418,2018-12-05,"[-1, -1, 1, 1, 1, -1, 1, 1, -1, -1]",1
419,2018-12-06,"[1, 1, -1, -1, -1, 1, 1, 1, 1, 1]",1
420,2018-12-07,"[-1, -1, 1, 1, 1, 1, -1, -1, -1, 1]",1
421,2018-12-08,"[-1, -1, -1, -1, -1, -1, 1, 1, 1, 1]",-1
422,2018-12-09,"[-1, -1, -1, -1, -1, -1, -1, 1, 1, -1]",-1
423,2018-12-10,"[1, 1, -1, 1, 1, -1, -1, 1, 1, 1]",1
424,2018-12-11,"[1, -1, 1, -1, 1, 1, 1, -1, 1, 1]",1
425,2018-12-12,"[1, 1, -1, -1, -1, 1, 1, 1, 1, 1]",1
426,2018-12-13,"[1, 1, 1, 1, -1, -1, 1, 1, 1, 1]",1
427,2018-12-14,"[-1, -1, 1, 1, 1, 1, 1, 1, 1, 1]",1
428,2018-12-15,"[1, -1, -1, 1, -1, 1, -1, 1, -1, -1]",-1
429,2018-12-16,"[-1, 1, 1, 1, -1, 1, 1, 1, 1, -1]",1
430,2018-12-17,"[1, -1, -1, -1, 1, -1, -1, 1, 1, 1]",1
431,2018-12-18,"[1, -1, 1, -1, -1, -1, -1, -1, -1, 1]",-1
432,2018-12-19,"[-1, -1, -1, -1, -1, -1, 1, -1, 1, 1]",-1
433,2018-12-20,"[1, 1, -1, 1, -1, 1, 1, 1, 1, -1]",1
434,2018-12-21,"[-1, -1, -1, 1, 1, 1, 1, -1, 1, 1]",1
435,2018-12-22,"[1, -1, -1, 1, -1, 1, 1, -1, 1, 1]",1
436,2018-12-23,"[-1, 1, -1, -1, 1, 1, 1, 1, 1, 1]",1
437,2018-12-24,"[1, -1, -1, -1, 1, 1, 1, 1, 1, 1]",1
438,2018-12-25,"[-1, 1, 1, -1, -1, -1, 1, 1, -1, 1]",1
439,2018-12-26,"[1, 1, -1, 1, -1, -1, -1, -1, -1, 1]",-1
440,2018-12-27,"[1, -1, 1, 1, 1, -1, -1, 1, 1, -1]",1
441,2018-12-28,"[1, -1, 1, -1, 1, -1, 1, -1, 1, 1]",1
442,2018-12-29,"[-1, -1, -1, 1, 1, 1, -1, -1, -1, 1]",-1
443,2018-12-30,"[-1, 1, -1, -1, 1, 1, 1, 1, 1, 1]",1
444,2018-12-31,"[1, 1, -1, -1, -1, 1, 1, 1, 1, 1]",1
445,2019-01-01,"[-1, 1, -1, 1, 1, -1, 1, 1, 1, 1]",1
446,2019-01-02,"[-1, 1, -1, -1, -1, -1, 1, -1, -1, -1]",-1
447,2019-01-03,"[-1, 1, -1, 1, -1, -1, -1, 1, -1, 1]",-1
448,2019-01-04,"[-1, -1, 1, 1, 1, 1, 1, -1, 1, 1]",1
449,2019-01-05,"[-1, -1, 1, 1, -1, -1, -1, 1, 1, 1]",1
450,2019-01-06,"[1, 1, 1, 1, 1, -1, -1, 1, 1, 1]",1
451,2019-01-07,"[-1, 1, -1, -1, -1, -1, -1, -1, 1, -1]",-1
452,2019-01-08,"[1, -1, 1, 1, 1, 1, 1, 1, -1, 1]",1
453,2019-01-09,"[1, -1, -1, 1, 1, -1, 1, -1, 1, -1]",1
454,2019-01-10,"[1, -1, -1, 1, -1, -1, -1, 1, -1, 1]",-1
455,2019-01-11,"[1, -1, -1, 1, 1, -1, -1, 1, 1, -1]",1
456,2019-01-12,"[1, 1, -1, 1, 1, 1, -1, 1, -1, -1]",1
457,2019-01-13,"[1, -1, 1, 1, 1, -1, 1, -1, 1, 1]",1
458,2019-01-14,"[-1, -1, -1, -1, 1, 1, 1, -1, -1, -1]",-1
459,2019-01-15,"[1, 1, -1, 1, -1, 1, -1, -1, -1, 1]",1
460,2019-01-16,"[-1, -1, -1, -1, -1, 1, -1, -1, 1, 1]",-1
461,2019-01-17,"[-1, -1, -1, -1, -1, 1, -1, 1, 1, -1]",-1
462,2019-01-18,"[1, 1, 1, 1, -1, 1, -1, -1, 1, 1]",1
463,2019-01-19,"[-1, 1, 1, -1, 1, 1, -1, 1, 1, -1]",1
464,2019-01-20,"[-1, 1, 1, -1, -1, 1, -1, 1, -1, 1]",1
465,2019-01-21,"[1, 1, 1, 1, -1, 1, 1, 1, 1, 1]",1
466,2019-01-22,"[1, 1, -1, -1, 1, 1, -1, 1, 1, 1]",1
467,2019-01-23,"[1, 1, -1, 1, 1, 1, 1, 1, 1, 1]",1
468,2019-01-24,"[-1, -1, 1, 1, 1, 1, -1, 1, 1, 1]",1
469,2019-01-25,"[-1, -1, 1, 1, 1, 1, -1, -1, -1, 1]",1
470,2019-01-26,"[1, -1, -1, 1, -1, -1, -1, 1, 1, 1]",1
471,2019-01-27,"[-1, -1, -1, -1, 1, -1, -1, -1, -1, 1]",-1
472,2019-01-28,"[1, -1, -1, -1, -1, 1, 1, 1, 1, 1]",1
473,2019-01-29,"[-1, 1, 1, -1, -1, 1, 1, 1, 1, 1]",1
474,2019-01-30,"[-1, -1, 1, 1, -1, 1, -1, 1, 1, -1]",1
475,2019-01-31,"[-1, -1, -1, -1, -1, 1, 1, 1, 1, 1]",1
476,2019-02-01,"[-1, 1, 1, 1, -1, 1, 1, -1, 1, -1]",1
477,2019-02-02,"[1, -1, 1, 1, -1, 1, -1, 1, 1, 1]",1
478,2019-02-03,"[-1, 1, -1, 1, -1, -1, -1, -1, -1, -1]",-1
479,2019-02-04,"[1, -1, -1, -1, 1, 1, 1, 1, 1, 1]",1
480,2019-02-05,"[1, 1, -1, -1, 1, 1, 1, -1, -1, 1]",1
481,2019-02-06,"[1, 1, -1, 1, 1, 1, 1, 1, 1, -1]",1
482,2019-02-07,"[-1, 1, 1, -1, 1, 1, -1, 1, 1, -1]",1
483,2019-02-08,"[1, -1, 1, -1, 1, 1, 1, -1, 1, 1]",1
484,2019-02-09,"[-1, -1, -1, -1, 1, -1, -1, -1, -1, 1]",-1
485,2019-02-10,"[-1, -1, -1, -1, -1, -1, 1, -1, -1, 1]",-1
486,2019-02-11,"[-1, -1, -1, -1, 1, 1, 1, -1, 1, -1]",-1
487,2019-02-12,"[-1, -1, -1, -1, 1, 1, -1, 1, 1, 1]",1
488,2019-02-13,"[-1, -1, -1, -1, -1, 1, 1, 1, -1, -1]",-1
489,2019-02-14,"[1, -1, -1, -1, -1, -1, 1, -1, -1, 1]",-1
490,2019-02-15,"[-1, 1, -1, 1, 1, -1, -1, -1, 1, 1]",1
491,2019-02-16,"[-1, -1, -1, -1, -1, -1, 1, 1, 1, 1]",-1
492,2019-02-17,"[-1, 1, 1, 1, 1, -1, -1, -1, -1, -1]",-1
493,2019-02-18,"[1, -1, 1, 1, 1, -1, 1, -1, 1, 1]",1
494,2019-02-19,"[-1, -1, 1, -1, -1, 1, -1, -1, -1, 1]",-1
495,2019-02-20,"[-1, 1, -1, -1, -1, 1, -1, 1, 1, 1]",1
496,2019-02-21,"[1, -1, 1, 1, 1, 1, -1, 1, -1, -1]",1
497,2019-02-22,"[1, -1, 1, 1, -1, -1, 1, 1, 1, 1]",1
498,2019-02-23,"[1, -1, -1, -1, -1, 1, -1, 1, -1, 1]",-1
499,2019-02-24,"[-1, -1, 1, -1, 1, 1, 1, -1, 1, -1]",1
500,2019-02-25,"[1, 1, 1, 1, 1, -1, 1, -1, -1, -1]",1
501,2019-02-26,"[1, -1, 1, 1, 1, -1, -1, -1, 1, 1]",1
502,2019-02-27,"[1, -1, -1, -1, -1, -1, 1, 1, 1, 1]",1
503,2019-02-28,"[-1, 1, 1, -1, -1, -1, 1, -1, -1, -1]",-1
504,2019-03-01,"[-1, 1, -1, 1, -1, -1, 1, 1, 1, -1]",1
505,2019-03-02,"[-1, -1, 1, -1, -1, 1, -1, 1, -1, -1]",-1
506,2019-03-03,"[1, 1, 1, 1, -1, -1, 1, 1, 1, 1]",1
507,2019-03-04,"[-1, 1, 1, 1, 1, 1, 1, -1, 1, -1]",1
508,2019-03-05,"[-1, 1, 1, -1, 1, -1, 1, 1, 1, -1]",1
509,2019-03-06,"[1, 1, -1, -1, 1, -1, -1, 1, 1, -1]",1
510,2019-03-07,"[1, -1, 1, -1, -1, 1, 1, 1, -1, 1]",1
511,2019-03-08,"[-1, 1, 1, -1, 1, -1, -1, -1, 1, -1]",-1
512,2019-03-09,"[-1, 1, -1, -1, -1, 1, 1, -1, -1, 1]",-1
513,2019-03-10,"[1, 1, 1, 1, -1, 1, 1, -1, 1, 1]",1
514,2019-03-11,"[1, 1, -1, -1, 1, -1, 1, 1, -1, -1]",1
515,2019-03-12,"[1, -1, -1, 1, -1, 1, 1, -1, 1, -1]",1
516,2019-03-13,"[-1, -1, 1, 1, 1, 1, -1, -1, 1, 1]",1
517,2019-03-14,"[1, 1, 1, -1, -1, -1, -1, 1, -1, -1]",-1
518,2019-03-15,"[1, -1, -1, 1, -1, 1, -1, 1, 1, 1]",1
519,2019-03-16,"[1, 1, 1, -1, 1, -1, 1, 1, -1, 1]",1
520,2019-03-17,"[-1, -1, -1, 1, 1, -1, -1, -1, -1, -1]",-1
521,2019-03-18,"[1, 1, -1, 1, 1, 1, 1, -1, 1, -1]",1
522,2019-03-19,"[-1, 1, 1, 1, 1, -1, -1, -1, 1, 1]",1
523,2019-03-20,"[-1, -1, 1, 1, -1, 1, 1, -1, -1, -1]",-1
524,2019-03-21,"[1, 1, -1, -1, 1, 1, 1, -1, 1, 1]",1
525,2019-03-22,"[-1, -1, 1, 1, -1, -1, 1, -1, 1, 1]",1
526,2019-03-23,"[1, -1, -1, 1, 1, 1, 1, -1, 1, -1]",1
527,2019-03-24,"[-1, 1, 1, 1, -1, -1, -1, -1, 1, -1]",-1
528,2019-03-25,"[1, -1, 1, 1, 1, -1, -1, -1, -1, 1]",1
529,2019-03-26,"[1, 1, -1, 1, 1, 1, 1, 1, -1, -1]",1
530,2019-03-27,"[1, -1, -1, 1, -1, -1, 1, -1, -1, -1]",-1
531,2019-03-28,"[1, -1, 1, 1, 1, -1, 1, -1, -1, 1]",1
532,2019-03-29,"[1, 1, 1, 1, 1, 1, 1, -1, 1, 1]",1
533,2019-03-30,"[-1, 1, -1, 1, 1, -1, 1, 1, -1, 1]",1
534,2019-03-31,"[1, 1, -1, 1, -1, 1, 1, 1, -1, -1]",1
535,2019-04-01,"[1, 1, 1, 1, -1, 1, -1, -1, 1, 1]",1
536,2019-04-02,"[1, 1, 1, 1, -1, -1, -1, -1, -1, -1]",-1
537,2019-04-03,"[1, -1, -1, -1, -1, 1, 1, 1, 1, 1]",1
538,2019-04-04,"[1, 1, 1, 1, 1, 1, -1, -1, -1, 1]",1
539,2019-04-05,"[1, -1, 1, 1, 1, 1, -1, -1, -1, -1]",1
540,2019-04-06,"[1, 1, 1, 1, 1, -1, -1, -1, 1, -1]",1
541,2019-04-07,"[1, 1, 1, -1, 1, 1, -1, 1, 1, 1]",1
542,2019-04-08,"[1, -1, 1, 1, 1, 1, 1, -1, 1, -1]",1
543,2019-04-09,"[-1, -1, 1, -1, 1, -1, 1, -1, 1, 1]",1
544,2019-04-10,"[1, 1, -1, 1, 1, -1, -1, -1, 1, 1]",1
545,2019-04-11,"[-1, 1, 1, -1, 1, 1, 1, 1, 1, -1]",1
546,2019-04-12,"[-1, -1, -1, 1, 1, 1, 1, -1, -1, -1]",-1
547,2019-04-13,"[1, 1, -1, 1, 1, -1, 1, 1, 1, -1]",1
548,2019-04-14,"[1, 1, 1, 1, -1, 1, -1, 1, 1, 1]",1
549,2019-04-15,"[-1, 1, 1, 1, 1, 1, -1, -1, -1, 1]",1
550,2019-04-16,"[1, 1, 1, 1, -1, -1, 1, -1, -1, 1]",1
551,2019-04-17,"[-1, 1, 1, 1, 1, 1, -1, 1, 1, -1]",1
552,2019-04-18,"[-1, -1, 1, -1, -1, -1, -1, 1, 1, 1]",-1
553,2019-04-19,"[1, 1, 1, -1, -1, 1, -1, -1, 1, -1]",1
554,2019-04-20,"[1, 1, 1, 1, 1, -1, 1, 1, -1, 1]",1
555,2019-04-21,"[1, 1, -1, 1, -1, 1, 1, 1, 1, -1]",1
556,2019-04-22,"[1, -1, 1, 1, 1, 1, 1, -1, 1, 1]",1
557,2019-04-23,"[-1, 1, 1, -1, 1, 1, -1, 1, 1, -1]",1
558,2019-04-24,"[1, -1, 1, 1, 1, 1, 1, 1, -1, 1]",1
559,2019-04-25,"[-1, -1, 1, 1, 1, 1, -1, 1, 1, 1]",1
560,2019-04-26,"[1, -1, 1, 1, -1, -1, 1, -1, -1, 1]",1
561,2019-04-27,"[1, -1, 1, -1, 1, 1, 1, -1, -1, 1]",1
562,2019-04-28,"[1, -1, -1, 1, 1, -1, 1, 1, -1, 1]",1
563,2019-04-29,"[1, 1, 1, 1, 1, 1, -1, 1, 1, -1]",1
564,2019-04-30,"[1, 1, -1, -1, -1, 1, -1, -1, -1, -1]",-1
565,2019-05-01,"[-1, 1, 1, 1, 1, 1, 1, -1, -1, -1]",1
566,2019-05-02,"[1, -1, 1, 1, -1, -1, 1, 1, -1, -1]",1
567,2019-05-03,"[1, -1, 1, -1, -1, 1, -1, 1, -1, 1]",1
568,2019-05-04,"[-1, -1, -1, 1, -1, -1, -1, -1, -1, -1]",-1
569,2019-05-05,"[1, -1, -1, 1, 1, -1, -1, -1, 1, 1]",1
570,2019-05-06,"[1, 1, 1, 1, 1, -1, 1, 1, -1, 1]",1
571,2019-05-07,"[1, 1, -1, 1, 1, -1, 1, 1, 1, 1]",1
572,2019-05-08,"[-1, 1, 1, 1, -1, -1, -1, 1, -1, 1]",1
573,2019-05-09,"[-1, 1, -1, 1, 1, 1, 1, -1, 1, -1]",1
574,2019-05-10,"[1, 1, 1, -1, -1, 1, 1, -1, -1, -1]",1
575,2019-05-11,"[1, 1, 1, 1, 1, -1, 1, 1, 1, 1]",1
576,2019-05-12,"[-1, -1, 1, -1, -1, -1, -1, 1, 1, -1]",-1
577,2019-05-13,"[1, -1, 1, -1, 1, 1, -1, 1, -1, -1]",1
578,2019-05-14,"[-1, -1, 1, 1, -1, 1, -1, -1, 1, -1]",-1
579,2019-05-15,"[1, 1, -1, 1, 1, -1, 1, -1, -1, 1]",1
580,2019-05-16,"[-1, -1, -1, -1, 1, 1, -1, 1, 1, -1]",-1
581,2019-05-17,"[-1, -1, -1, -1, -1, 1, 1, 1, 1, -1]",-1
582,2019-05-18,"[1, -1, 1, 1, 1, 1, 1, 1, -1, 1]",1
583,2019-05-19,"[-1, 1, 1, 1, 1, -1, 1, -1, -1, 1]",1
584,2019-05-20,"[-1, -1, 1, 1, 1, -1, -1, -1, 1, 1]",1
585,2019-05-21,"[-1, -1, -1, 1, 1, 1, 1, -1, -1, -1]",-1
586,2019-05-22,"[1, -1, 1, 1, 1, 1, -1, 1, 1, 1]",1
587,2019-05-23,"[1, 1, -1, -1, -1, 1, -1, 1, -1, 1]",1
588,2019-05-24,"[-1, 1, 1, -1, -1, -1, -1, 1, 1, 1]",1
589,2019-05-25,"[1, 1, -1, 1, -1, 1, 1, 1, -1, 1]",1
590,2019-05-26,"[1, 1, 1, -1, -1, -1, -1, 1, -1, 1]",1
591,2019-05-27,"[1, 1, -1, -1, 1, -1, 1, -1, 1, 1]",1
592,2019-05-28,"[-1, 1, -1, 1, 1, -1, 1, 1, -1, 1]",1
593,2019-05-29,"[1, 1, -1, 1, -1, 1, 1, 1, 1, 1]",1
594,2019-05-30,"[-1, -1, 1, 1, 1, 1, -1, 1, 1, 1]",1
595,2019-05-31,"[1, 1, 1, 1, -1, 1, 1, -1, 1, 1]",1
596,2019-06-01,"[1, -1, 1, 1, -1, 1, 1, 1, 1, -1]",1
597,2019-06-02,"[-1, -1, 1, 1, -1, -1, 1, 1, 1, 1]",1
598,2019-06-03,"[1, -1, -1, 1, 1, 1, 1, -1, 1, 1]",1
599,2019-06-04,"[-1, 1, 1, 1, 1, -1, -1, 1, 1, 1]",1
600,2019-06-05,"[-1, 1, -1, 1, 1, 1, 1, -1, -1, 1]",1
601,2019-06-06,"[1, 1, -1, -1, 1, -1, 1, 1, -1, -1]",1
602,2019-06-07,"[1, 1, 1, -1, 1, 1, -1, -1, 1, -1]",1
603,2019-06-08,"[1, -1, 1, -1, -1, 1, 1, -1, 1, 1]",1
604,2019-06-09,"[1, -1, -1, 1, 1, -1, 1, 1, 1, 1]",1
605,2019-06-10,"[1, 1, -1, 1, -1, 1, 1, 1, -1, -1]",1
606,2019-06-11,"[1, -1, 1, 1, 1, 1, 1, 1, 1, -1]",1
607,2019-06-12,"[-1, 1, 1, 1, 1, 1, -1, -1, -1, 1]",1
608,2019-06-13,"[1, -1, -1, 1, 1, -1, 1, -1, 1, 1]",1
609,2019-06-14,"[1, 1, -1, -1, -1, 1, 1, 1, -1, 1]",1
610,2019-06-15,"[-1, -1, -1, -1, 1, 1, -1, 1, -1, 1]",-1
611,2019-06-16,"[1, 1, 1, -1, 1, 1, 1, 1, -1, -1]",1
612,2019-06-17,"[-1, -1, 1, 1, 1, -1, -1, 1, 1, 1]",1
613,2019-06-18,"[1, 1, 1, -1, -1, -1, -1, 1, 1, -1]",1
614,2019-06-19,"[-1, -1, 1, 1, -1, 1, -1, 1, -1, 1]",1
615,2019-06-20,"[1, -1, -1, 1, -1, 1, 1, 1, 1, -1]",1
616,2019-06-21,"[-1, -1, -1, 1, 1, 1, 1, -1, -1, -1]",-1
617,2019-06-22,"[-1, 1, 1, 1, 1, 1, 1, -1, -1, -1]",1
618,2019-06-23,"[1, 1, -1, -1, -1, 1, 1, 1, 1, -1]",1
619,2019-06-24,"[1, -1, 1, -1, 1, 1, 1, 1, -1, 1]",1
620,2019-06-25,"[-1, 1, 1, 1, 1, -1, 1, 1, 1, -1]",1
621,2019-06-26,"[-1, -1, 1, 1, 1, 1, 1, 1, 1, 1]",1
622,2019-06-27,"[1, 1, 1, 1, 1, 1, 1, 1, -1, -1]",1
623,2019-06-28,"[1, 1, -1, -1, 1, 1, 1, 1, 1, -1]",1
624,2019-06-29,"[1, 1, 1, -1, 1, -1, -1, -1, -1, 1]",1
625,2019-06-30,"[-1, 1, 1, 1, 1, -1, 1, 1, 1, 1]",1
626,2019-07-01,"[1, -1, 1, 1, -1, 1, 1, 1, 1, -1]",1
627,2019-07-02,"[-1, 1, 1, 1, 1, 1, 1, 1, 1, 1]",1
628,2019-07-03,"[-1, 1, -1, 1, -1, 1, 1, -1, 1, 1]",1
629,2019-07-04,"[1, -1, 1, 1, 1, -1, 1, 1, -1, 1]",1
630,2019-07-05,"[1, 1, 1, 1, 1, -1, 1, -1, 1, -1]",1
631,2019-07-06,"[-1, -1, 1, -1, -1, 1, 1, 1, 1, -1]",1
632,2019-07-07,"[-1, 1, 1, 1, 1, 1, 1, -1, 1, 1]",1
633,2019-07-08,"[-1, 1, -1, 1, 1, -1, -1, -1, -1, -1]",-1
634,2019-07-09,"[1, -1, 1, 1, 1, 1, 1, 1, 1, 1]",1
635,2019-07-10,"[-1, 1, 1, -1, -1, -1, 1, 1, 1, -1]",1
636,2019-07-11,"[-1, -1, 1, -1, 1, -1, 1, 1, -1, 1]",1
637,2019-07-12,"[1, 1, 1, -1, 1, 1, 1, -1, -1, -1]",1
638,2019-07-13,"[-1, 1, 1, -1, -1, 1, -1, 1, 1, -1]",1
639,2019-07-14,"[1, -1, 1, 1, 1, 1, 1, -1, 1, 1]",1
640,2019-07-15,"[1, -1, 1, 1, 1, 1, 1, 1, -1, -1]",1
641,2019-07-16,"[1, 1, 1, 1, 1, 1, -1, -1, 1, 1]",1
642,2019-07-17,"[-1, 1, 1, 1, 1, 1, 1, 1, 1, 1]",1
643,2019-07-18,"[-1, 1, 1, -1, 1, 1, -1, 1, -1, 1]",1
644,2019-07-19,"[-1, -1, -1, 1, 1, 1, 1, 1, -1, -1]",1
645,2019-07-20,"[-1, -1, 1, -1, -1, 1, -1, -1, 1, 1]",-1
646,2019-07-21,"[1, -1, 1, 1, 1, 1, 1, -1, 1, 1]",1
647,2019-07-22,"[1, -1, -1, -1, 1, 1, 1, 1, 1, -1]",1
648,2019-07-23,"[1, -1, 1, -1, 1, 1, 1, 1, -1, 1]",1
649,2019-07-24,"[-1, 1, 1, 1, -1, -1, -1, 1, 1, 1]",1
650,2019-07-25,"[1, 1, 1, 1, 1, 1, -1, 1, 1, -1]",1
651,2019-07-26,"[1, 1, 1, -1, 1, -1, -1, 1, 1, -1]",1
652,2019-07-27,"[1, 1, 1, 1, 1, 1, -1, 1, 1, -1]",1
653,2019-07-28,"[1, 1, 1, 1, 1, 1, -1, 1, 1, 1]",1
654,2019-07-29,"[1, 1, 1, 1, -1, 1, 1, 1, -1, 1]",1
655,2019-07-30,"[1, 1, 1, 1, 1, 1, -1, -1, -1, -1]",1
656,2019-07-31,"[1, 1, -1, -1, 1, -1, 1, 1, -1, -1]",1
657,2019-08-01,"[1, -1, -1, 1, 1, -1, -1, -1, -1, 1]",-1
658,2019-08-02,"[1, 1, -1, 1, 1, -1, -1, -1, 1, -1]",1
659,2019-08-03,"[1, 1, -1, 1, -1, 1, -1, 1, 1, -1]",1
660,2019-08-04,"[-1, 1, 1, -1, -1, -1, -1, -1, 1, 1]",-1
661,2019-08-05,"[-1, 1, -1, -1, -1, 1, 1, 1, -1, 1]",1
662,2019-08-06,"[1, 1, 1, 1, -1, -1, -1, -1, -1, -1]",-1
663,2019-08-07,"[1, -1, -1, 1, -1, -1, 1, -1, 1, 1]",1
664,2019-08-08,"[1, -1, 1, -1, 1, 1, 1, -1, 1, 1]",1
665,2019-08-09,"[-1, 1, 1, 1, 1, -1, 1, 1, -1, -1]",1
666,2019-08-10,"[1, 1, 1, 1, -1, 1, 1, 1, -1, 1]",1
667,2019-08-11,"[1, 1, 1, -1, 1, -1, 1, 1, 1, 1]",1
668,2019-08-12,"[1, -1, -1, 1, 1, -1, 1, 1, 1, 1]",1
669,2019-08-13,"[-1, 1, 1, 1, 1, -1, -1, 1, 1, -1]",1
670,2019-08-14,"[1, -1, 1, 1, 1, -1, -1, 1, -1, -1]",1
671,2019-08-15,"[1, 1, -1, 1, -1, 1, -1, -1, -1, 1]",1
672,2019-08-16,"[1, 1, 1, 1, 1, 1, 1, -1, 1, -1]",1
673,2019-08-17,"[1, -1, 1, 1, 1, 1, -1, 1, -1, -1]",1
674,2019-08-18,"[1, -1, -1, 1, -1, 1, -1, -1, 1, -1]",-1
675,2019-08-19,"[1, 1, -1, 1, 1, 1, -1, -1, 1, -1]",1
676,2019-08-20,"[-1, -1, 1, -1, -1, 1, 1, 1, 1, 1]",1
677,2019-08-21,"[-1, 1, 1, 1, 1, 1, 1, 1, 1, 1]",1
678,2019-08-22,"[-1, 1, -1, 1, 1, 1, 1, 1, 1, -1]",1
679,2019-08-23,"[1, -1, -1, 1, 1, 1, 1, -1, 1, -1]",1
680,2019-08-24,"[1, 1, -1, 1, -1, -1, 1, 1, 1, 1]",1
681,2019-08-25,"[1, 1, -1, 1, -1, 1, -1, -1, 1, -1]",1
682,2019-08-26,"[-1, -1, -1, -1, 1, -1, 1, 1, 1, 1]",1
683,2019-08-27,"[-1, -1, -1, 1, 1, 1, -1, 1, -1, 1]",1
684,2019-08-28,"[1, -1, -1, -1, -1, -1, 1, -1, 1, -1]",-1
685,2019-08-29,"[-1, -1, 1, 1, -1, -1, 1, -1, 1, 1]",1
686,2019-08-30,"[-1, 1, 1, 1, 1, 1, 1, -1, -1, -1]",1
687,2019-08-31,"[-1, -1, 1, -1, 1, -1, -1, 1, -1, 1]",-1
688,2019-09-01,"[1, 1, 1, -1, 1, -1, -1, -1, 1, 1]",1
689,2019-09-02,"[-1, -1, 1, -1, -1, -1, 1, 1, -1, 1]",-1
690,2019-09-03,"[1, -1, -1, 1, -1, -1, -1, -1, -1, 1]",-1
691,2019-09-04,"[1, 1, -1, -1, -1, 1, -1, -1, -1, 1]",-1
692,2019-09-05,"[-1, -1, 1, -1, 1, -1, 1, 1, -1, 1]",1
693,2019-09-06,"[1, 1, 1, 1, 1, -1, 1, -1, 1, -1]",1
694,2019-09-07,"[1, 1, 1, -1, 1, 1, 1, 1, 1, 1]",1
695,2019-09-08,"[1, -1, 1, 1, -1, 1, 1, 1, 1, -1]",1
696,2019-09-09,"[-1, 1, -1, 1, -1, 1, 1, 1, -1, -1]",1
697,2019-09-10,"[-1, 1, 1, 1, -1, -1, -1, -1, -1, 1]",-1
698,2019-09-11,"[1, 1, 1, -1, 1, -1, 1, 1, 1, -1]",1
699,2019-09-12,"[-1, -1, 1, -1, 1, -1, 1, -1, -1, -1]",-1
700,2019-09-13,"[1, 1, -1, -1, -1, 1, 1, -1, 1, -1]",1
701,2019-09-14,"[1, 1, 1, 1, -1, -1, 1, 1, -1, -1]",1
702,2019-09-15,"[-1, 1, 1, 1, 1, 1, 1, 1, 1, -1]",1
703,2019-09-16,"[-1, -1, -1, 1, 1, 1, -1, 1, 1, -1]",1
704,2019-09-17,"[-1, -1, 1, -1, 1, -1, -1, 1, -1, -1]",-1
705,2019-09-18,"[1, 1, 1, 1, -1, -1, -1, 1, 1, 1]",1
706,2019-09-19,"[1, -1, -1, 1, 1, 1, 1, -1, 1, -1]",1
707,2019-09-20,"[-1, 1, -1, -1, 1, 1, 1, 1, -1, 1]",1
708,2019-09-21,"[-1, 1, 1, -1, 1, 1, 1, 1, -1, -1]",1
709,2019-09-22,"[1, -1, 1, 1, -1, 1, 1, 1, 1, 1]",1
710,2019-09-23,"[1, -1, -1, -1, 1, 1, -1, -1, 1, 1]",1
711,2019-09-24,"[-1, -1, -1, 1, 1, 1, -1, 1, 1, 1]",1
712,2019-09-25,"[1, -1, 1, -1, -1, -1, -1, -1, 1, -1]",-1
713,2019-09-26,"[1, -1, 1, -1, -1, 1, 1, 1, 1, 1]",1
714,2019-09-27,"[1, 1, 1, 1, -1, 1, 1, -1, -1, -1]",1
715,2019-09-28,"[1, 1, -1, 1, 1, 1, -1, 1, 1, -1]",1
716,2019-09-29,"[-1, 1, 1, 1, 1, -1, -1, -1, 1, 1]",1
717,2019-09-30,"[1, 1, 1, 1, 1, 1, 1, -1, 1, -1]",1
718,2019-10-01,"[-1, 1, 1, -1, 1, 1, 1, 1, 1, 1]",1
719,2019-10-02,"[-1, -1, -1, -1, -1, 1, -1, 1, -1, 1]",-1
720,2019-10-03,"[-1, -1, 1, 1, 1, 1, 1, 1, 1, 1]",1
721,2019-10-04,"[1, -1, -1, -1, 1, -1, -1, 1, -1, -1]",-1
722,2019-10-05,"[1, 1, -1, -1, 1, -1, -1, 1, -1, 1]",1
723,2019-10-06,"[1, 1, 1, -1, 1, 1, 1, 1, -1, 1]",1
724,2019-10-07,"[-1, 1, 1, 1, 1, -1, -1, 1, -1, -1]",1
725,2019-10-08,"[1, 1, -1, 1, 1, 1, 1, 1, -1, 1]",1
726,2019-10-09,"[-1, 1, 1, 1, -1, -1, -1, 1, 1, 1]",1
727,2019-10-10,"[-1, 1, 1, -1, -1, -1, 1, -1, 1, -1]",-1
728,2019-10-11,"[1, -1, 1, 1, 1, 1, 1, -1, -1, -1]",1
729,2019-10-12,"[1, 1, 1, 1, -1, 1, -1, 1, -1, -1]",1
730,2019-10-13,"[-1, 1, 1, 1, -1, -1, 1, 1, 1, 1]",1
731,2019-10-14,"[1, 1, -1, -1, 1, 1, 1, -1, 1, 1]",1
732,2019-10-15,"[1, 1, 1, -1, 1, 1, -1, 1, 1, -1]",1
733,2019-10-16,"[-1, 1, 1, -1, 1, -1, 1, -1, 1, -1]",1
734,2019-10-17,"[1, -1, 1, -1, 1, 1, 1, -1, 1, 1]",1
735,2019-10-18,"[1, 1, -1, 1, 1, -1, 1, -1, -1, -1]",1
736,2019-10-19,"[1, 1, 1, -1, 1, 1, -1, 1, -1, -1]",1
737,2019-10-20,"[1, 1, 1, 1, -1, 1, 1, -1, 1, 1]",1
738,2019-10-21,"[1, -1, -1, 1, 1, -1, 1, 1, 1, 1]",1
739,2019-10-22,"[-1, -1, 1, 1, -1, -1, 1, -1, -1, -1]",-1
740,2019-10-23,"[1, 1, 1, 1, -1, -1, -1, -1, -1, -1]",-1
741,2019-10-24,"[1, -1, -1, 1, 1, 1, -1, -1, -1, -1]",-1
742,2019-10-25,"[1, -1, -1, 1, 1, -1, -1, 1, -1, -1]",-1
743,2019-10-26,"[1, -1, 1, -1, 1, -1, -1, -1, 1, -1]",-1
744,2019-10-27,"[1, -1, -1, -1, -1, 1, 1, -1, -1, 1]",-1
745,2019-10-28,"[-1, 1, 1, 1, 1, 1, 1, 1, -1, 1]",1
746,2019-10-29,"[1, 1, 1, -1, -1, -1, -1, 1, 1, 1]",1
747,2019-10-30,"[-1, 1, 1, -1, 1, -1, 1, 1, 1, 1]",1
748,2019-10-31,"[1, -1, 1, -1, 1, -1, 1, -1, 1, 1]",1
749,2019-11-01,"[-1, 1, 1, 1, 1, -1, 1, -1, 1, 1]",1
750,2019-11-02,"[1, -1, -1, 1, 1, 1, 1, -1, -1, -1]",1
751,2019-11-03,"[1, 1, -1, 1, 1, -1, 1, 1, -1, -1]",1
752,2019-11-04,"[1, 1, -1, 1, 1, -1, -1, -1, 1, -1]",1
753,2019-11-05,"[1, 1, -1, 1, 1, -1, -1, 1, 1, 1]",1
754,2019-11-06,"[1, -1, 1, 1, 1, 1, -1, 1, 1, 1]",1
755,2019-11-07,"[-1, 1, -1, 1, 1, -1, -1, -1, -1, -1]",-1
756,2019-11-08,"[1, 1, 1, 1, 1, -1, -1, 1, 1, -1]",1
757,2019-11-09,"[1, 1, -1, 1, -1, 1, -1, -1, -1, -1]",-1
758,2019-11-10,"[1, 1, 1, -1, 1, -1, 1, 1, -1, 1]",1
759,2019-11-11,"[-1, 1, -1, 1, 1, 1, -1, -1, 1, -1]",1
760,2019-11-12,"[-1, 1, -1, -1, 1, 1, -1, 1, 1, -1]",1
761,2019-11-13,"[-1, -1, -1, 1, 1, -1, 1, 1, -1, 1]",1
762,2019-11-14,"[-1, 1, 1, -1, -1, 1, 1, 1, -1, 1]",1
763,2019-11-15,"[-1, -1, 1, 1, 1, -1, 1, 1, 1, -1]",1
764,2019-11-16,"[-1, 1, 1, -1, 1, 1, 1, -1, -1, -1]",1
765,2019-11-17,"[-1, 1, 1, 1, -1, 1, 1, 1, -1, -1]",1
766,2019-11-18,"[1, -1, 1, -1, 1, -1, 1, 1, 1, -1]",1
767,2019-11-19,"[-1, 1, -1, 1, 1, 1, 1, 1, 1, 1]",1
768,2019-11-20,"[-1, 1, -1, -1, 1, -1, 1, -1, 1, 1]",1
769,2019-11-21,"[-1, 1, -1, 1, 1, 1, 1, 1, 1, 1]",1
770,2019-11-22,"[-1, -1, 1, 1, 1, 1, 1, -1, 1, -1]",1
771,2019-11-23,"[-1, 1, 1, -1, -1, -1, -1, 1, -1, -1]",-1
772,2019-11-24,"[1, -1, 1, 1, 1, -1, 1, -1, 1, 1]",1
773,2019-11-25,"[1, -1, 1, 1, 1, 1, 1, 1, -1, 1]",1
774,2019-11-26,"[1, 1, 1, 1, -1, -1, 1, 1, -1, 1]",1
775,2019-11-27,"[-1, 1, -1, -1, -1, -1, -1, 1, -1, 1]",-1
776,2019-11-28,"[-1, 1, 1, 1, 1, 1, -1, -1, -1, -1]",1
777,2019-11-29,"[1, -1, 1, 1, -1, -1, -1, 1, -1, 1]",1
778,2019-11-30,"[1, -1, 1, -1, -1, -1, -1, 1, 1, 1]",1
779,2019-12-01,"[1, 1, -1, 1, -1, 1, -1, 1, 1, 1]",1
780,2019-12-02,"[1, 1, -1, -1, -1, 1, -1, -1, -1, -1]",-1
781,2019-12-03,"[-1, 1, -1, 1, -1, 1, 1, 1, -1, -1]",1
782,2019-12-04,"[1, -1, 1, 1, -1, 1, -1, -1, -1, -1]",-1
783,2019-12-05,"[1, -1, -1, 1, 1, 1, -1, 1, 1, 1]",1
784,2019-12-06,"[1, -1, 1, -1, 1, 1, -1, -1, -1, 1]",1
785,2019-12-07,"[-1, 1, -1, -1, 1, -1, -1, 1, -1, -1]",-1
786,2019-12-08,"[1, 1, -1, 1, -1, -1, 1, 1, -1, -1]",1
787,2019-12-09,"[1, -1, -1, -1, 1, -1, -1, 1, 1, 1]",1
788,2019-12-10,"[1, -1, -1, 1, -1, 1, 1, 1, -1, 1]",1
789,2019-12-11,"[1, -1, 1, -1, 1, -1, 1, 1, -1, -1]",1
790,2019-12-12,"[-1, 1, 1, -1, -1, -1, -1, 1, 1, 1]",1
791,2019-12-13,"[1, 1, 1, -1, -1, 1, 1, -1, 1, -1]",1
792,2019-12-14,"[1, 1, -1, 1, -1, -1, -1, 1, -1, -1]",-1
793,2019-12-15,"[1, 1, -1, 1, 1, 1, 1, -1, -1, -1]",1
794,2019-12-16,"[-1, -1, 1, 1, 1, 1, 1, 1, -1, -1]",1
795,2019-12-17,"[1, 1, 1, 1, -1, 1, 1, -1, -1, -1]",1
796,2019-12-18,"[1, -1, -1, -1, -1, -1, -1, 1, 1, -1]",-1
797,2019-12-19,"[-1, -1, 1, 1, 1, -1, 1, 1, 1, 1]",1
798,2019-12-20,"[-1, -1, 1, -1, 1, -1, 1, -1, -1, 1]",-1
799,2019-12-21,"[1, 1, -1, 1, -1, 1, -1, 1, 1, 1]",1
800,2019-12-22,"[-1, 1, 1, 1, -1, 1, -1, -1, 1, 1]",1
801,2019-12-23,"[1, 1, 1, -1, 1, 1, -1, -1, -1, 1]",1
802,2019-12-24,"[-1, -1, 1, -1, 1, 1, -1, -1, 1, 1]",1
803,2019-12-25,"[-1, 1, -1, -1, -1, 1, 1, 1, -1, -1]",-1
804,2019-12-26,"[1, -1, -1, 1, -1, 1, 1, -1, -1, -1]",-1
805,2019-12-27,"[1, 1, 1, -1, 1, 1, -1, -1, 1, -1]",1
806,2019-12-28,"[1, 1, 1, 1, -1, -1, 1, 1, 1, 1]",1
807,2019-12-29,"[-1, -1, 1, 1, 1, -1, -1, 1, 1, -1]",1
808,2019-12-30,"[-1, 1, 1, 1, 1, 1, 1, 1, 1, 1]",1
809,2019-12-31,"[-1, 1, 1, 1, -1, 1, 1, 1, 1, 1]",1
810,2020-01-01,"[-1, -1, 1, 1, -1, 1, 1, -1, -1, 1]",1
811,2020-01-02,"[1, 1, 1, 1, 1, -1, 1, 1, 1, 1]",1
812,2020-01-03,"[-1, 1, -1, -1, -1, -1, -1, -1, 1, -1]",-1
813,2020-01-04,"[1, 1, 1, -1, -1, -1, 1, 1, -1, -1]",1
814,2020-01-05,"[-1, -1, 1, 1, 1, -1, 1, 1, -1, -1]",1
815,2020-01-06,"[-1, 1, -1, 1, -1, -1, -1, 1, 1, 1]",1
816,2020-01-07,"[1, 1, -1, 1, 1, 1, 1, -1, 1, -1]",1
817,2020-01-08,"[-1, -1, 1, -1, 1, -1, -1, 1, 1, -1]",-1
818,2020-01-09,"[-1, 1, 1, 1, 1, -1, -1, -1, 1, -1]",1
819,2020-01-10,"[1, -1, 1, 1, 1, -1, 1, 1, 1, 1]",1
820,2020-01-11,"[1, 1, 1, -1, 1, -1, -1, 1, 1, -1]",1
821,2020-01-12,"[-1, 1, 1, 1, 1, 1, 1, -1, 1, 1]",1
822,2020-01-13,"[1, -1, -1, 1, 1, 1, 1, 1, 1, -1]",1
823,2020-01-14,"[1, -1, 1, -1, 1, -1, 1, 1, -1, 1]",1
824,2020-01-15,"[1, 1, 1, 1, 1, 1, 1, 1, 1, -1]",1
825,2020-01-16,"[1, -1, 1, 1, 1, -1, -1, 1, 1, 1]",1
826,2020-01-17,"[1, 1, 1, -1, 1, 1, -1, 1, -1, -1]",1
827,2020-01-18,"[1, -1, -1, 1, 1, 1, 1, 1, -1, 1]",1
828,2020-01-19,"[1, -1, 1, 1, 1, 1, -1, 1, 1, 1]",1
829,2020-01-20,"[1, -1, -1, -1, 1, 1, -1, 1, 1, 1]",1
830,2020-01-21,"[1, 1, 1, -1, -1, 1, 1, -1, -1, -1]",1
831,2020-01-22,"[1, -1, 1, -1, -1, -1, 1, -1, -1, 1]",-1
832,2020-01-23,"[-1, -1, -1, -1, 1, 1, 1, 1, -1, -1]",-1
833,2020-01-24,"[1, 1, -1, -1, 1, -1, 1, 1, 1, 1]",1
834,2020-01-25,"[1, -1, -1, -1, -1, -1, -1, -1, 1, 1]",-1
835,2020-01-26,"[1, -1, -1, -1, 1, 1, 1, 1, -1, 1]",1
836,2020-01-27,"[-1, 1, 1, 1, 1, -1, 1, 1, 1, 1]",1
837,2020-01-28,"[-1, -1, 1, -1, -1, 1, -1, 1, 1, -1]",-1
838,2020-01-29,"[-1, -1, -1, 1, -1, 1, 1, 1, 1, 1]",1
839,2020-01-30,"[-1, 1, -1, -1, -1, 1, 1, -1, -1, 1]",-1
840,2020-01-31,"[-1, -1, 1, -1, 1, -1, 1, 1, 1, 1]",1
841,2020-02-01,"[-1, 1, -1, -1, 1, -1, -1, -1, -1, -1]",-1
842,2020-02-02,"[1, -1, 1, 1, 1, -1, 1, -1, -1, -1]",1
843,2020-02-03,"[-1, 1, 1, -1, 1, -1, 1, 1, 1, 1]",1
844,2020-02-04,"[1, -1, 1, -1, -1, -1, 1, -1, 1, 1]",1
845,2020-02-05,"[1, 1, -1, 1, -1, 1, 1, 1, -1, -1]",1
846,2020-02-06,"[1, 1, -1, -1, -1, 1, -1, 1, -1, -1]",-1
847,2020-02-07,"[1, 1, -1, 1, -1, -1, -1, 1, -1, 1]",1
848,2020-02-08,"[1, 1, 1, 1, -1, -1, 1, 1, -1, -1]",1
849,2020-02-09,"[-1, -1, 1, -1, -1, 1, 1, 1, 1, 1]",1
850,2020-02-10,"[1, 1, 1, 1, 1, 1, 1, -1, -1, 1]",1
851,2020-02-11,"[1, 1, 1, -1, -1, -1, -1, 1, 1, -1]",1
852,2020-02-12,"[-1, -1, 1, 1, 1, -1, -1, 1, 1, 1]",1
853,2020-02-13,"[1, 1, 1, 1, 1, -1, 1, 1, -1, -1]",1
854,2020-02-14,"[-1, -1, -1, -1, -1, -1, -1, 1, -1, -1]",-1
855,2020-02-15,"[-1, -1, -1, -1, 1, 1, 1, -1, -1, -1]",-1
856,2020-02-16,"[1, -1, -1, 1, 1, 1, 1, 1, -1, 1]",1
857,2020-02-17,"[1, 1, -1, -1, 1, -1, -1, -1, 1, 1]",1
858,2020-02-18,"[-1, 1, -1, 1, -1, 1, -1, -1, 1, 1]",1
859,2020-02-19,"[1, -1, -1, 1, -1, 1, 1, 1, -1, 1]",1
860,2020-02-20,"[-1, 1, 1, 1, 1, -1, -1, -1, -1, -1]",-1
861,2020-02-21,"[1, -1, 1, 1, 1, 1, 1, 1, 1, 1]",1
862,2020-02-22,"[-1, -1, 1, 1, 1, 1, 1, -1, -1, 1]",1
863,2020-02-23,"[1, 1, -1, 1, 1, -1, -1, 1, 1, -1]",1
864,2020-02-24,"[1, 1, -1, 1, -1, -1, -1, -1, -1, -1]",-1
865,2020-02-25,"[1, -1, 1, -1, -1, -1, 1, 1, 1, -1]",1
866,2020-02-26,"[1, -1, -1, -1, -1, -1, 1, -1, 1, 1]",-1
867,2020-02-27,"[1, -1, -1, 1, -1, 1, -1, -1, 1, -1]",-1
868,2020-02-28,"[-1, 1, -1, 1, -1, -1, 1, 1, -1, -1]",-1
869,2020-02-29,"[1, -1, -1, 1, -1, -1, -1, -1, -1, -1]",-1
870,2020-03-01,"[-1, -1, 1, -1, -1, -1, 1, -1, 1, -1]",-1
871,2020-03-02,"[-1, 1, 1, 1, 1, 1, -1, -1, 1, -1]",1
872,2020-03-03,"[-1, -1, -1, -1, 1, -1, 1, -1, 1, 1]",-1
873,2020-03-04,"[-1, -1, 1, 1, -1, 1, -1, -1, -1, -1]",-1
874,2020-03-05,"[-1, 1, -1, -1, -1, 1, -1, -1, -1, -1]",-1
875,2020-03-06,"[-1, -1, -1, -1, 1, -1, -1, -1, -1, -1]",-1
876,2020-03-07,"[-1, -1, 1, -1, -1, 1, 1, -1, -1, 1]",-1
877,2020-03-08,"[-1, 1, -1, -1, -1, -1, 1, -1, 1, -1]",-1
878,2020-03-09,"[-1, -1, 1, -1, -1, -1, -1, -1, 1, -1]",-1
879,2020-03-10,"[1, -1, 1, 1, -1, -1, -1, 1, 1, -1]",1
880,2020-03-11,"[-1, 1, -1, 1, -1, -1, 1, 1, 1, -1]",1
881,2020-03-12,"[-1, 1, -1, -1, -1, 1, 1, -1, 1, -1]",-1
882,2020-03-13,"[1, 1, -1, -1, -1, 1, -1, -1, -1, -1]",-1
883,2020-03-14,"[1, 1, 1, -1, -1, -1, 1, -1, -1, -1]",-1
884,2020-03-15,"[-1, 1, 1, 1, 1, -1, 1, -1, -1, -1]",1
885,2020-03-16,"[1, 1, 1, -1, -1, -1, -1, 1, -1, -1]",-1
886,2020-03-17,"[-1, 1, -1, -1, 1, -1, -1, 1, -1, -1]",-1
887,2020-03-18,"[-1, 1, 1, 1, 1, 1, -1, 1, -1, -1]",1
888,2020-03-19,"[-1, -1, -1, -1, -1, -1, 1, 1, -1, 1]",-1
889,2020-03-20,"[-1, -1, -1, 1, -1, 1, 1, 1, 1, 1]",1
890,2020-03-21,"[-1, -1, -1, 1, -1, 1, -1, -1, -1, -1]",-1
891,2020-03-22,"[-1, -1, -1, 1, 1, -1, -1, -1, -1, 1]",-1
892,2020-03-23,"[-1, 1, -1, 1, -1, 1, -1, 1, 1, 1]",1
893,2020-03-24,"[1, -1, -1, 1, -1, -1, -1, -1, 1, -1]",-1
894,2020-03-25,"[-1, -1, 1, -1, -1, -1, 1, -1, -1, -1]",-1
895,2020-03-26,"[-1, -1, -1, 1, -1, 1, 1, -1, 1, -1]",-1
896,2020-03-27,"[1, -1, -1, 1, 1, -1, -1, 1, 1, 1]",1
897,2020-03-28,"[-1, 1, -1, -1, -1, -1, -1, 1, 1, -1]",-1
898,2020-03-29,"[1, 1, -1, 1, 1, 1, 1, -1, -1, 1]",1
899,2020-03-30,"[-1, -1, -1, -1, 1, -1, 1, -1, -1, -1]",-1
900,2020-03-31,"[-1, -1, 1, -1, 1, 1, -1, 1, 1, -1]",1
901,2020-04-01,"[-1, -1, -1, -1, -1, -1, 1, -1, -1, -1]",-1
902,2020-04-02,"[1, -1, 1, -1, -1, -1, 1, -1, -1, 1]",-1
903,2020-04-03,"[-1, -1, 1, 1, -1, -1, 1, 1, 1, -1]",1
904,2020-04-04,"[1, 1, -1, 1, 1, 1, -1, -1, 1, 1]",1
905,2020-04-05,"[-1, -1, 1, -1, 1, 1, -1, -1, 1, 1]",1
906,2020-04-06,"[-1, 1, 1, -1, -1, 1, 1, -1, -1, -1]",-1
907,2020-04-07,"[-1, 1, -1, 1, -1, -1, -1, -1, 1, 1]",-1
908,2020-04-08,"[1, 1, 1, -1, -1, 1, 1, -1, 1, -1]",1
909,2020-04-09,"[-1, 1, -1, 1, -1, 1, 1, 1, 1, -1]",1
910,2020-04-10,"[-1, -1, -1, 1, 1, -1, 1, -1, -1, -1]",-1
911,2020-04-11,"[-1, -1, 1, 1, 1, -1, 1, -1, -1, -1]",-1
912,2020-04-12,"[-1, -1, -1, 1, -1, 1, 1, -1, -1, 1]",-1
913,2020-04-13,"[1, -1, -1, -1, -1, -1, -1, -1, 1, -1]",-1
914,2020-04-14,"[1, 1, -1, 1, 1, -1, 1, 1, 1, 1]",1
915,2020-04-15,"[1, 1, -1, 1, 1, -1, 1, -1, -1, 1]",1
916,2020-04-16,"[-1, -1, -1, 1, 1, 1, 1, 1, -1, -1]",1
917,2020-04-17,"[-1, 1, 1, 1, 1, 1, 1, -1, 1, 1]",1
918,2020-04-18,"[1, 1, 1, 1, -1, 1, -1, 1, -1, 1]",1
919,2020-04-19,"[-1, -1, -1, -1, -1, 1, -1, 1, 1, 1]",-1
920,2020-04-20,"[-1, 1, 1, 1, -1, -1, -1, -1, 1, -1]",-1
921,2020-04-21,"[1, 1, 1, -1, -1, -1, 1, -1, 1, 1]",1
922,2020-04-22,"[1, -1, 1, 1, 1, 1, 1, -1, 1, 1]",1
923,2020-04-23,"[1, -1, -1, -1, 1, -1, 1, 1, -1, -1]",-1
924,2020-04-24,"[1, 1, -1, -1, 1, 1, -1, 1, 1, 1]",1
925,2020-04-25,"[-1, 1, -1, -1, 1, 1, 1, -1, -1, 1]",1
926,2020-04-26,"[1, 1, 1, 1, -1, -1, 1, -1, 1, -1]",1
927,2020-04-27,"[1, 1, -1, 1, 1, 1, 1, -1, -1, 1]",1
928,2020-04-28,"[-1, -1, 1, 1, -1, 1, 1, -1, -1, -1]",-1
929,2020-04-29,"[1, -1, -1, 1, -1, 1, -1, 1, 1, 1]",1
930,2020-04-30,"[1, -1, -1, -1, -1, -1, -1, 1, 1, -1]",-1
931,2020-05-01,"[-1, 1, 1, 1, 1, 1, -1, -1, -1, -1]",1
932,2020-05-02,"[-1, 1, 1, 1, 1, -1, 1, 1, -1, -1]",1
933,2020-05-03,"[-1, 1, 1, -1, 1, -1, -1, 1, 1, -1]",1
934,2020-05-04,"[1, 1, -1, 1, 1, 1, -1, 1, -1, 1]",1
935,2020-05-05,"[-1, -1, 1, 1, -1, -1, -1, 1, 1, 1]",1
936,2020-05-06,"[1, -1, 1, 1, -1, -1, 1, 1, -1, -1]",1
937,2020-05-07,"[1, 1, 1, 1, -1, -1, 1, -1, 1, -1]",1
938,2020-05-08,"[1, 1, -1, -1, 1, 1, 1, -1, 1, 1]",1
939,2020-05-09,"[1, -1, -1, 1, 1, 1, 1, -1, 1, 1]",1
940,2020-05-10,"[1, 1, 1, -1, -1, -1, -1, 1, 1, 1]",1
941,2020-05-11,"[-1, 1, 1, -1, 1, 1, 1, -1, -1, 1]",1
942,2020-05-12,"[1, -1, 1, 1, 1, -1, 1, -1, 1, -1]",1
943,2020-05-13,"[1, 1, 1, 1, -1, -1, 1, 1, 1, 1]",1
944,2020-05-14,"[-1, 1, -1, -1, -1, 1, 1, -1, 1, 1]",1
945,2020-05-15,"[1, 1, -1, -1, -1, 1, 1, -1, -1, 1]",1
946,2020-05-16,"[1, 1, -1, 1, 1, -1, 1, -1, 1, -1]",1
947,2020-05-17,"[1, -1, 1, 1, -1, 1, 1, 1, 1, 1]",1
948,2020-05-18,"[-1, -1, -1, -1, -1, 1, -1, -1, 1, 1]",-1
949,2020-05-19,"[-1, -1, -1, -1, -1, -1, 1, 1, 1, 1]",-1
950,2020-05-20,"[-1, -1, 1, 1, 1, 1, -1, -1, 1, 1]",1
951,2020-05-21,"[1, 1, -1, -1, -1, -1, 1, 1, 1, 1]",1
952,2020-05-22,"[1, 1, 1, 1, 1, -1, 1, 1, -1, -1]",1
953,2020-05-23,"[1, -1, -1, 1, 1, 1, -1, -1, -1, -1]",-1
954,2020-05-24,"[1, 1, 1, -1, -1, 1, -1, -1, 1, -1]",1
955,2020-05-25,"[-1, 1, 1, 1, 1, 1, 1, -1, -1, 1]",1
956,2020-05-26,"[-1, -1, -1, 1, 1, -1, 1, -1, 1, -1]",-1
957,2020-05-27,"[-1, 1, -1, 1, -1, -1, -1, 1, -1, 1]",-1
958,2020-05-28,"[-1, -1, 1, 1, -1, 1, -1, -1, 1, -1]",-1
959,2020-05-29,"[-1, -1, -1, -1, -1, 1, 1, 1, -1, -1]",-1
960,2020-05-30,"[1, 1, -1, -1, 1, -1, 1, -1, 1, -1]",1
961,2020-05-31,"[1, 1, -1, 1, -1, 1, 1, 1, 1, 1]",1
962,2020-06-01,"[1, 1, -1, -1, -1, -1, 1, -1, 1, -1]",-1
963,2020-06-02,"[1, -1, 1, 1, 1, -1, -1, -1, 1, 1]",1
964,2020-06-03,"[-1, 1, 1, -1, -1, -1, 1, -1, -1, 1]",-1
965,2020-06-04,"[-1, 1, 1, 1, -1, -1, 1, -1, 1, 1]",1
966,2020-06-05,"[-1, 1, 1, -1, -1, 1, 1, -1, 1, 1]",1
967,2020-06-06,"[1, 1, 1, 1, 1, 1, 1, -1, -1, -1]",1
968,2020-06-07,"[-1, 1, -1, 1, 1, -1, 1, 1, -1, 1]",1
969,2020-06-08,"[1, 1, -1, -1, 1, -1, 1, -1, -1, -1]",-1
970,2020-06-09,"[-1, 1, 1, 1, -1, 1, -1, -1, 1, -1]",1
971,2020-06-10,"[-1, -1, 1, -1, 1, 1, -1, -1, -1, -1]",-1
972,2020-06-11,"[-1, -1, 1, 1, 1, -1, 1, -1, -1, 1]",1
973,2020-06-12,"[-1, -1, 1, 1, -1, 1, 1, 1, 1, -1]",1
974,2020-06-13,"[1, -1, -1, 1, -1, 1, 1, 1, -1, 1]",1
975,2020-06-14,"[1, -1, -1, -1, -1, 1, 1, -1, 1, 1]",1
976,2020-06-15,"[1, 1, 1, -1, 1, 1, 1, 1, 1, 1]",1
977,2020-06-16,"[1, 1, 1, 1, -1, 1, 1, -1, -1, -1]",1
978,2020-06-17,"[1, 1, -1, -1, 1, -1, -1, 1, -1, 1]",1
979,2020-06-18,"[-1, 1, 1, -1, 1, 1, 1, -1, 1, -1]",1
980,2020-06-19,"[1, -1, 1, 1, 1, -1, 1, -1, 1, 1]",1
981,2020-06-20,"[1, -1, 1, 1, 1, -1, 1, -1, -1, -1]",1
982,2020-06-21,"[1, 1, 1, -1, 1, -1, 1, 1, 1, 1]",1
983,2020-06-22,"[1, 1, -1, 1, 1, -1, 1, -1, 1, 1]",1
984,2020-06-23,"[1, 1, 1, 1, 1, 1, 1, 1, 1, 1]",1
985,2020-06-24,"[1, -1, -1, -1, 1, -1, 1, 1, -1, 1]",1
986,2020-06-25,"[1, -1, 1, 1, -1, 1, -1, -1, 1, -1]",1
987,2020-06-26,"[1, 1, -1, 1, -1, 1, 1, 1, 1, 1]",1
988,2020-06-27,"[-1, 1, -1, -1, 1, -1, -1, 1, -1, -1]",-1
989,2020-06-28,"[-1, 1, -1, 1, 1, 1, -1, 1, -1, -1]",1
990,2020-06-29,"[-1, 1, 1, -1, -1, -1, 1, -1, 1, 1]",1
991,2020-06-30,"[-1, 1, -1, -1, 1, 1, -1, 1, 1, 1]",1
992,2020-07-01,"[-1, 1, 1, -1, -1, 1, 1, 1, 1, -1]",1
993,2020-07-02,"[-1, 1, 1, 1, 1, 1, 1, 1, 1, 1]",1
994,2020-07-03,"[1, 1, -1, 1, 1, -1, 1, 1, -1, 1]",1
995,2020-07-04,"[1, 1, -1, -1, 1, 1, -1, 1, -1, 1]",1
996,2020-07-05,"[1, -1, -1, 1, -1, -1, -1, -1, 1, -1]",-1
997,2020-07-06,"[1, -1, 1, -1, 1, 1, 1, 1, 1, -1]",1
998,2020-07-07,"[-1, 1, -1, 1, 1, -1, 1, -1, 1, 1]",1
999,2020-07-08,"[1, 1, 1, 1, 1, 1, -1, 1, -1, -1]",1
1000,2020-07-09,"[1, 1, 1, 1, 1, -1, -1, -1, -1, -1]",1
1001,2020-07-10,"[-1, 1, 1, 1, 1, -1, 1, 1, -1, -1]",1
1002,2020-07-11,"[1, 1, -1, -1, 1, 1, -1, -1, -1, -1]",-1
1003,2020-07-12,"[-1, 1, 1, -1, 1, 1, 1, -1, 1, -1]",1
1004,2020-07-13,"[-1, 1, 1, -1, 1, 1, 1, 1, -1, -1]",1
1005,2020-07-14,"[-1, -1, -1, 1, 1, -1, 1, 1, -1, 1]",1
1006,2020-07-15,"[1, -1, 1, -1, 1, -1, -1, 1, -1, 1]",1
1007,2020-07-16,"[-1, -1, 1, -1, 1, 1, 1, 1, -1, -1]",1
1008,2020-07-17,"[1, 1, -1, 1, 1, 1, -1, -1, 1, 1]",1
1009,2020-07-18,"[1, 1, 1, -1, 1, 1, 1, 1, -1, 1]",1
1010,2020-07-19,"[1, 1, 1, 1, 1, 1, 1, -1, -1, 1]",1
1011,2020-07-20,"[1, -1, 1, 1, -1, 1, -1, -1, 1, 1]",1
1012,2020-07-21,"[1, 1, -1, 1, 1, 1, 1, -1, 1, 1]",1
1013,2020-07-22,"[1, 1, 1, 1, 1, 1, 1, -1, -1, -1]",1
1014,2020-07-23,"[-1, -1, 1, 1, 1, 1, 1, 1, 1, -1]",1
1015,2020-07-24,"[1, -1, -1, 1, 1, 1, -1, -1, 1, 1]",1
1016,2020-07-25,"[1, 1, 1, 1, 1, -1, 1, 1, 1, 1]",1
1017,2020-07-26,"[-1, -1, 1, 1, -1, 1, 1, 1, 1, 1]",1
1018,2020-07-27,"[1, 1, 1, 1, -1, 1, 1, 1, 1, 1]",1
1019,2020-07-28,"[1, -1, 1, -1, 1, 1, -1, 1, 1, 1]",1
1020,2020-07-29,"[1, 1, 1, -1, -1, 1, 1, -1, 1, 1]",1
1021,2020-07-30,"[1, 1, 1, 1, 1, 1, 1, 1, 1, -1]",1
1022,2020-07-31,"[1, 1, 1, -1, -1, 1, -1, 1, 1, 1]",1
1023,2020-08-01,"[1, 1, 1, 1, -1, 1, 1, -1, -1, -1]",1
1024,2020-08-02,"[1, 1, -1, -1, 1, 1, 1, -1, 1, 1]",1
1025,2020-08-03,"[1, 1, -1, 1, 1, 1, 1, 1, -1, -1]",1
1026,2020-08-04,"[-1, 1, 1, 1, 1, 1, 1, 1, -1, 1]",1
1027,2020-08-05,"[1, 1, 1, 1, 1, 1, 1, -1, -1, 1]",1
1028,2020-08-06,"[1, 1, -1, -1, 1, 1, 1, 1, 1, 1]",1
1029,2020-08-07,"[1, 1, 1, 1, 1, 1, 1, 1, 1, 1]",1
1030,2020-08-08,"[-1, 1, 1, 1, -1, 1, 1, 1, -1, 1]",1
1031,2020-08-09,"[1, 1, 1, 1, 1, 1, 1, 1, -1, -1]",1
1032,2020-08-10,"[-1, -1, 1, -1, 1, -1, 1, -1, -1, -1]",-1
1033,2020-08-11,"[1, 1, -1, 1, 1, 1, 1, -1, 1, -1]",1
1034,2020-08-12,"[-1, 1, -1, -1, 1, -1, 1, 1, -1, 1]",1
1035,2020-08-13,"[-1, 1, -1, 1, 1, 1, 1, -1, 1, 1]",1
1036,2020-08-14,"[-1, 1, -1, 1, 1, -1, 1, 1, -1, -1]",1
1037,2020-08-15,"[-1, 1, -1, 1, -1, 1, 1, 1, 1, 1]",1
1038,2020-08-16,"[1, -1, 1, 1, 1, 1, 1, 1, -1, 1]",1
1039,2020-08-17,"[-1, -1, -1, 1, 1, 1, 1, 1, 1, 1]",1
1040,2020-08-18,"[-1, 1, 1, 1, 1, 1, 1, 1, -1, 1]",1
1041,2020-08-19,"[1, -1, 1, 1, -1, 1, 1, 1, -1, 1]",1
1042,2020-08-20,"[1, 1, 1, -1, 1, 1, 1, -1, 1, 1]",1
1043,2020-08-21,"[1, -1, -1, -1, -1, 1, 1, -1, 1, -1]",-1
1044,2020-08-22,"[-1, 1, 1, 1, 1, 1, -1, 1, -1, 1]",1
1045,2020-08-23,"[1, 1, 1, 1, 1, 1, -1, 1, -1, -1]",1
1046,2020-08-24,"[1, 1, -1, -1, 1, 1, 1, 1, -1, 1]",1
1047,2020-08-25,"[1, 1, 1, -1, 1, -1, -1, 1, 1, -1]",1
1048,2020-08-26,"[1, 1, -1, 1, -1, -1, 1, -1, -1, 1]",1
1049,2020-08-27,"[1, 1, -1, -1, 1, 1, 1, 1, 1, 1]",1
1050,2020-08-28,"[1, -1, 1, 1, 1, 1, 1, -1, -1, 1]",1
1051,2020-08-29,"[1, 1, 1, 1, -1, 1, 1, 1, 1, 1]",1
1052,2020-08-30,"[1, -1, 1, 1, -1, -1, 1, -1, -1, 1]",1
1053,2020-08-31,"[-1, 1, -1, -1, 1, -1, 1, 1, 1, 1]",1
1054,2020-09-01,"[-1, 1, -1, -1, 1, 1, 1, 1, -1, -1]",1
1055,2020-09-02,"[1, 1, 1, -1, 1, 1, -1, 1, 1, 1]",1
1056,2020-09-03,"[1, 1, 1, -1, 1, -1, -1, 1, 1, 1]",1
1057,2020-09-04,"[-1, 1, -1, 1, 1, -1, -1, 1, -1, 1]",1
1058,2020-09-05,"[1, -1, 1, -1, -1, 1, 1, 1, -1, -1]",1
1059,2020-09-06,"[-1, 1, 1, 1, -1, 1, 1, 1, 1, 1]",1
1060,2020-09-07,"[-1, 1, 1, -1, 1, 1, 1, 1, 1, -1]",1
1061,2020-09-08,"[1, 1, 1, 1, -1, 1, 1, -1, 1, 1]",1
1062,2020-09-09,"[-1, 1, 1, -1, 1, -1, -1, 1, -1, 1]",1
1063,2020-09-10,"[1, -1, -1, -1, -1, 1, -1, 1, 1, 1]",1
1064,2020-09-11,"[1, -1, 1, -1, 1, 1, 1, 1, -1, 1]",1
1065,2020-09-12,"[1, 1, -1, -1, 1, -1, -1, 1, 1, 1]",1
1066,2020-09-13,"[1, -1, 1, 1, -1, -1, -1, 1, 1, 1]",1
1067,2020-09-14,"[-1, -1, -1, 1, -1, 1, 1, 1, 1, -1]",1
1068,2020-09-15,"[1, -1, 1, -1, 1, -1, 1, 1, 1, 1]",1
1069,2020-09-16,"[-1, -1, -1, -1, 1, -1, 1, 1, 1, 1]",1
1070,2020-09-17,"[1, -1, 1, 1, -1, 1, -1, 1, 1, 1]",1
1071,2020-09-18,"[1, -1, 1, 1, 1, 1, -1, 1, 1, 1]",1
1072,2020-09-19,"[1, -1, 1, 1, -1, -1, 1, 1, -1, -1]",1
1073,2020-09-20,"[1, -1, 1, -1, 1, -1, 1, -1, -1, -1]",-1
1074,2020-09-21,"[-1, 1, 1, -1, -1, 1, 1, 1, 1, -1]",1
1075,2020-09-22,"[-1, 1, -1, 1, 1, -1, -1, -1, 1, 1]",1
1076,2020-09-23,"[1, -1, 1, 1, -1, -1, 1, 1, 1, 1]",1
1077,2020-09-24,"[-1, 1, -1, 1, -1, 1, -1, -1, 1, -1]",-1
1078,2020-09-25,"[-1, 1, -1, 1, 1, 1, 1, 1, -1, 1]",1
1079,2020-09-26,"[-1, -1, 1, -1, 1, 1, -1, 1, -1, 1]",1
1080,2020-09-27,"[-1, -1, 1, 1, 1, 1, 1, 1, -1, -1]",1
1081,2020-09-28,"[-1, -1, 1, 1, -1, -1, -1, -1, -1, 1]",-1
1082,2020-09-29,"[-1, 1, 1, -1, 1, -1, -1, -1, 1, 1]",1
1083,2020-09-30,"[1, -1, 1, 1, 1, 1, 1, 1, 1, -1]",1
1084,2020-10-01,"[-1, 1, 1, 1, -1, -1, -1, 1, 1, 1]",1
1085,2020-10-02,"[1, 1, 1, 1, 1, 1, 1, 1, -1, 1]",1
1086,2020-10-03,"[1, 1, 1, 1, 1, -1, 1, 1, -1, 1]",1
1087,2020-10-04,"[-1, -1, -1, -1, -1, 1, 1, -1, -1, 1]",-1
1088,2020-10-05,"[1, 1, -1, -1, 1, -1, 1, 1, 1, 1]",1
1089,2020-10-06,"[1, 1, 1, -1, 1, -1, 1, -1, 1, 1]",1
1090,2020-10-07,"[1, 1, 1, 1, 1, -1, -1, 1, 1, 1]",1
1091,2020-10-08,"[1, 1, -1, 1, -1, 1, -1, 1, 1, 1]",1
1092,2020-10-09,"[-1, -1, -1, -1, -1, -1, 1, 1, -1, 1]",-1
1093,2020-10-10,"[-1, 1, -1, -1, -1, 1, 1, 1, 1, 1]",1
1094,2020-10-11,"[1, 1, -1, 1, 1, 1, 1, -1, -1, 1]",1
1095,2020-10-12,"[1, 1, -1, -1, 1, -1, 1, 1, 1, 1]",1
1096,2020-10-13,"[-1, 1, 1, -1, -1, 1, 1, -1, 1, 1]",1
1097,2020-10-14,"[1, -1, 1, 1, 1, 1, -1, 1, -1, 1]",1
1098,2020-10-15,"[-1, 1, 1, -1, 1, -1, -1, -1, -1, 1]",-1
1099,2020-10-16,"[1, -1, 1, 1, 1, 1, 1, 1, -1, 1]",1
1100,2020-10-17,"[-1, 1, 1, -1, 1, 1, 1, 1, -1, 1]",1
1101,2020-10-18,"[1, 1, 1, -1, -1, -1, 1, -1, 1, 1]",1
1102,2020-10-19,"[1, 1, -1, -1, -1, 1, -1, 1, 1, 1]",1
1103,2020-10-20,"[-1, -1, 1, 1, -1, 1, 1, 1, 1, 1]",1
1104,2020-10-21,"[-1, 1, 1, 1, 1, 1, 1, 1, 1, -1]",1
1105,2020-10-22,"[-1, 1, -1, -1, -1, 1, 1, 1, 1, -1]",1
1106,2020-10-23,"[1, 1, 1, 1, 1, -1, 1, 1, 1, 1]",1
1107,2020-10-24,"[1, 1, 1, -1, 1, -1, 1, -1, 1, -1]",1
1108,2020-10-25,"[-1, 1, 1, 1, -1, -1, 1, -1, -1, 1]",1
1109,2020-10-26,"[-1, 1, 1, -1, 1, 1, 1, 1, 1, 1]",1
1110,2020-10-27,"[1, 1, 1, 1, -1, 1, 1, 1, 1, 1]",1
1111,2020-10-28,"[-1, -1, -1, 1, -1, -1, -1, -1, 1, -1]",-1
1112,2020-10-29,"[1, 1, -1, 1, 1, 1, -1, -1, 1, 1]",1
1113,2020-10-30,"[1, 1, 1, 1, 1, 1, -1, 1, 1, 1]",1
1114,2020-10-31,"[1, -1, 1, -1, 1, 1, 1, -1, 1, -1]",1
1115,2020-11-01,"[1, -1, 1, 1, -1, 1, -1, 1, 1, 1]",1
1116,2020-11-02,"[1, 1, 1, 1, 1, 1, -1, 1, -1, -1]",1
1117,2020-11-03,"[-1, 1, 1, 1, 1, 1, -1, 1, -1, -1]",1
1118,2020-11-04,"[-1, 1, 1, -1, 1, 1, 1, 1, 1, 1]",1
1119,2020-11-05,"[1, 1, 1, 1, 1, 1, 1, 1, 1, 1]",1
1120,2020-11-06,"[1, 1, 1, 1, -1, 1, 1, 1, -1, -1]",1
1121,2020-11-07,"[-1, 1, 1, 1, 1, 1, 1, -1, -1, 1]",1
1122,2020-11-08,"[1, 1, 1, 1, 1, -1, 1, -1, 1, 1]",1
1123,2020-11-09,"[1, 1, 1, 1, -1, -1, 1, 1, 1, 1]",1
1124,2020-11-10,"[-1, 1, -1, -1, -1, 1, 1, 1, -1, 1]",1
1125,2020-11-11,"[1, -1, 1, -1, 1, 1, -1, 1, 1, -1]",1
1126,2020-11-12,"[1, -1, -1, 1, 1, -1, 1, 1, -1, 1]",1
1127,2020-11-13,"[1, 1, -1, 1, -1, 1, 1, 1, -1, 1]",1
1128,2020-11-14,"[1, 1, 1, 1, -1, 1, 1, 1, -1, 1]",1
1129,2020-11-15,"[-1, -1, -1, 1, 1, -1, 1, -1, -1, 1]",-1
1130,2020-11-16,"[-1, 1, 1, 1, 1, 1, 1, -1, 1, 1]",1
1131,2020-11-17,"[1, -1, 1, 1, 1, 1, 1, 1, 1, -1]",1
1132,2020-11-18,"[1, 1, 1, 1, 1, 1, -1, -1, 1, -1]",1
1133,2020-11-19,"[1, 1, -1, 1, 1, 1, 1, 1, -1, 1]",1
1134,2020-11-20,"[1, -1, -1, 1, 1, 1, -1, 1, -1, -1]",1
1135,2020-11-21,"[1, 1, 1, -1, 1, 1, 1, -1, -1, 1]",1
1136,2020-11-22,"[1, -1, -1, 1, 1, 1, 1, -1, 1, 1]",1
1137,2020-11-23,"[1, 1, -1, 1, 1, 1, 1, 1, -1, -1]",1
1138,2020-11-24,"[1, 1, 1, 1, 1, 1, 1, -1, -1, -1]",1
1139,2020-11-25,"[1, -1, -1, -1, -1, 1, -1, 1, -1, 1]",-1
1140,2020-11-26,"[1, 1, 1, 1, 1, 1, 1, 1, 1, 1]",1
1141,2020-11-27,"[1, 1, 1, 1, 1, 1, 1, 1, 1, -1]",1
1142,2020-11-28,"[1, -1, -1, 1, 1, 1, -1, 1, -1, 1]",1
1143,2020-11-29,"[1, 1, -1, 1, 1, 1, -1, -1, 1, 1]",1
1144,2020-11-30,"[-1, -1, -1, -1, -1, 1, 1, 1, 1, -1]",-1
1145,2020-12-01,"[1, 1, -1, 1, 1, -1, 1, -1, -1, 1]",1
1146,2020-12-02,"[1, 1, -1, 1, -1, -1, 1, -1, 1, 1]",1
1147,2020-12-03,"[-1, 1, -1, -1, 1, 1, 1, 1, 1, 1]",1
1148,2020-12-04,"[1, 1, -1, 1, -1, 1, 1, 1, 1, -1]",1
1149,2020-12-05,"[1, -1, 1, 1, 1, 1, -1, 1, 1, -1]",1
1150,2020-12-06,"[1, 1, -1, -1, -1, -1, 1, -1, -1, -1]",-1
1151,2020-12-07,"[-1, -1, 1, 1, 1, 1, 1, 1, 1, 1]",1
1152,2020-12-08,"[1, 1, 1, 1, 1, -1, 1, 1, 1, 1]",1
1153,2020-12-09,"[-1, -1, 1, 1, -1, -1, -1, -1, 1, -1]",-1
1154,2020-12-10,"[1, 1, -1, 1, -1, 1, 1, 1, -1, -1]",1
1155,2020-12-11,"[-1, 1, 1, -1, -1, -1, 1, -1, 1, 1]",1
1156,2020-12-12,"[-1, 1, -1, 1, -1, 1, -1, -1, -1, -1]",-1
1157,2020-12-13,"[1, -1, -1, 1, 1, -1, 1, 1, 1, -1]",1
1158,2020-12-14,"[1, -1, -1, 1, -1, -1, 1, -1, -1, -1]",-1
1159,2020-12-15,"[-1, 1, -1, -1, -1, 1, 1, 1, 1, 1]",1
1160,2020-12-16,"[1, 1, 1, 1, -1, 1, -1, -1, -1, 1]",1
1161,2020-12-17,"[-1, 1, 1, 1, -1, 1, 1, 1, -1, 1]",1
1162,2020-12-18,"[1, 1, 1, -1, -1, -1, 1, 1, 1, 1]",1
1163,2020-12-19,"[1, -1, 1, 1, -1, 1, 1, 1, -1, -1]",1
1164,2020-12-20,"[-1, 1, -1, 1, -1, 1, 1, 1, -1, 1]",1
1165,2020-12-21,"[1, 1, -1, 1, 1, -1, 1, -1, -1, -1]",1
1166,2020-12-22,"[-1, 1, -1, -1, 1, 1, 1, -1, -1, -1]",-1
1167,2020-12-23,"[1, 1, 1, 1, 1, -1, 1, -1, 1, 1]",1
1168,2020-12-24,"[-1, 1, -1, -1, 1, -1, 1, 1, 1, 1]",1
1169,2020-12-25,"[1, 1, 1, 1, -1, 1, 1, -1, -1, -1]",1
1170,2020-12-26,"[1, -1, 1, 1, 1, 1, 1, 1, 1, -1]",1
1171,2020-12-27,"[-1, 1, 1, 1, 1, 1, 1, 1, 1, -1]",1
1172,2020-12-28,"[-1, -1, -1, 1, 1, 1, 1, 1, 1, 1]",1
1173,2020-12-29,"[1, -1, 1, -1, -1, 1, 1, 1, 1, 1]",1
1174,2020-12-30,"[1, 1, 1, 1, 1, 1, 1, 1, 1, -1]",1
1175,2020-12-31,"[1, -1, -1, 1, 1, 1, 1, 1, -1, 1]",1
1176,2021-01-01,"[1, 1, 1, -1, -1, -1, -1, 1, -1, -1]",-1
1177,2021-01-02,"[-1, -1, 1, 1, 1, 1, -1, 1, 1, 1]",1
1178,2021-01-03,"[-1, -1, -1, 1, -1, -1, -1, -1, 1, 1]",-1
1179,2021-01-04,"[-1, -1, -1, 1, 1, -1, -1, -1, -1, 1]",-1
1180,2021-01-05,"[1, 1, 1, 1, 1, 1, -1, -1, 1, 1]",1
1181,2021-01-06,"[1, -1, 1, 1, -1, 1, -1, 1, -1, 1]",1
1182,2021-01-07,"[1, 1, 1, -1, 1, -1, 1, -1, 1, 1]",1
1183,2021-01-08,"[1, -1, 1, 1, 1, 1, -1, 1, 1, 1]",1
1184,2021-01-09,"[1, 1, -1, -1, -1, 1, -1, -1, 1, 1]",1
1185,2021-01-10,"[-1, 1, 1, -1, 1, 1, 1, -1, 1, 1]",1
1186,2021-01-11,"[1, 1, 1, -1, -1, 1, 1, 1, 1, 1]",1
1187,2021-01-12,"[-1, 1, 1, 1, 1, -1, 1, 1, -1, 1]",1
1188,2021-01-13,"[1, 1, -1, 1, 1, 1, 1, -1, -1, -1]",1
1189,2021-01-14,"[1, -1, -1, -1, 1, 1, 1, -1, 1, 1]",1
1190,2021-01-15,"[1, -1, -1, 1, -1, -1, 1, -1, 1, -1]",-1
1191,2021-01-16,"[1, 1, 1, 1, 1, -1, 1, 1, 1, 1]",1
1192,2021-01-17,"[-1, 1, -1, -1, 1, -1, 1, -1, 1, 1]",1
1193,2021-01-18,"[1, 1, -1, -1, 1, -1, 1, -1, 1, 1]",1
1194,2021-01-19,"[1, 1, 1, 1, 1, -1, 1, -1, -1, -1]",1
1195,2021-01-20,"[1, -1, 1, 1, 1, -1, 1, 1, 1, 1]",1
1196,2021-01-21,"[-1, -1, -1, 1, -1, -1, 1, 1, 1, -1]",-1
1197,2021-01-22,"[1, -1, -1, 1, 1, 1, -1, -1, -1, -1]",-1
1198,2021-01-23,"[1, -1, -1, -1, 1, -1, -1, 1, 1, 1]",1
1199,2021-01-24,"[1, -1, -1, 1, 1, 1, -1, 1, -1, 1]",1
1200,2021-01-25,"[1, 1, -1, 1, 1, -1, 1, 1, 1, 1]",1
1201,2021-01-26,"[1, -1, -1, 1, -1, 1, 1, 1, 1, 1]",1
1202,2021-01-27,"[1, 1, 1, -1, -1, -1, 1, -1, 1, 1]",1
1203,2021-01-28,"[-1, 1, 1, -1, 1, 1, 1, -1, 1, 1]",1
1204,2021-01-29,"[1, 1, -1, -1, 1, 1, -1, 1, 1, 1]",1
1205,2021-01-30,"[1, -1, 1, -1, 1, -1, 1, -1, 1, 1]",1
1206,2021-01-31,"[1, -1, 1, 1, -1, -1, -1, -1, 1, 1]",1
1207,2021-02-01,"[1, 1, 1, 1, -1, -1, 1, -1, 1, -1]",1
1208,2021-02-02,"[-1, -1, -1, 1, 1, 1, -1, -1, -1, -1]",-1
1209,2021-02-03,"[-1, 1, 1, 1, 1, 1, 1, 1, -1, 1]",1
1210,2021-02-04,"[-1, 1, 1, 1, -1, 1, -1, 1, 1, -1]",1
1211,2021-02-05,"[1, -1, 1, -1, -1, -1, -1, 1, 1, 1]",1
1212,2021-02-06,"[1, 1, 1, 1, 1, 1, -1, 1, -1, 1]",1
1213,2021-02-07,"[-1, 1, -1, 1, 1, -1, -1, -1, -1, 1]",-1
1214,2021-02-08,"[1, -1, 1, 1, -1, 1, 1, 1, -1, -1]",1
1215,2021-02-09,"[-1, 1, 1, 1, 1, -1, 1, 1, 1, 1]",1
1216,2021-02-10,"[-1, -1, 1, -1, 1, -1, 1, -1, 1, 1]",1
1217,2021-02-11,"[-1, -1, 1, 1, 1, 1, 1, 1, 1, 1]",1
1218,2021-02-12,"[1, 1, 1, -1, -1, 1, 1, -1, -1, -1]",1
1219,2021-02-13,"[1, -1, 1, 1, 1, 1, 1, 1, -1, 1]",1
1220,2021-02-14,"[1, -1, 1, -1, 1, -1, 1, 1, -1, 1]",1
1221,2021-02-15,"[-1, 1, 1, 1, -1, -1, -1, 1, 1, 1]",1
1222,2021-02-16,"[1, 1, -1, 1, 1, 1, 1, 1, 1, -1]",1
1223,2021-02-17,"[1, 1, 1, 1, -1, 1, -1, 1, 1, 1]",1
1224,2021-02-18,"[-1, -1, 1, 1, 1, 1, 1, 1, 1, -1]",1
1225,2021-02-19,"[1, 1, 1, -1, 1, -1, -1, 1, 1, 1]",1
1226,2021-02-20,"[-1, 1, 1, 1, 1, -1, 1, 1, 1, -1]",1
1227,2021-02-21,"[-1, 1, -1, 1, -1, 1, -1, -1, 1, 1]",1
1228,2021-02-22,"[-1, 1, -1, 1, 1, -1, 1, 1, 1, -1]",1
1229,2021-02-23,"[-1, -1, -1, -1, -1, -1, -1, -1, -1, -1]",-1
1230,2021-02-24,"[-1, 1, 1, -1, -1, -1, 1, -1, -1, -1]",-1
1231,2021-02-25,"[1, 1, 1, -1, 1, 1, -1, -1, 1, -1]",1
1232,2021-02-26,"[1, -1, 1, 1, 1, -1, 1, -1, 1, -1]",1
1233,2021-02-27,"[1, 1, -1, -1, 1, 1, 1, 1, -1, -1]",1
1234,2021-02-28,"[1, -1, 1, -1, 1, 1, -1, 1, 1, -1]",1
1235,2021-03-01,"[1, 1, 1, 1, 1, 1, 1, -1, 1, 1]",1
1236,2021-03-02,"[-1, 1, -1, 1, 1, 1, 1, 1, 1, -1]",1
1237,2021-03-03,"[1, 1, -1, 1, 1, 1, 1, -1, -1, -1]",1
1238,2021-03-04,"[-1, 1, 1, -1, -1, 1, 1, 1, -1, 1]",1
1239,2021-03-05,"[1, 1, 1, -1, 1, 1, 1, 1, 1, -1]",1
1240,2021-03-06,"[-1, -1, 1, -1, 1, 1, -1, 1, 1, 1]",1
1241,2021-03-07,"[1, -1, -1, 1, 1, 1, 1, -1, -1, 1]",1
1242,2021-03-08,"[1, 1, 1, 1, -1, 1, 1, 1, 1, 1]",1
1243,2021-03-09,"[-1, 1, 1, 1, -1, 1, 1, 1, 1, 1]",1
1244,2021-03-10,"[1, 1, 1, 1, -1, 1, 1, 1, -1, 1]",1
1245,2021-03-11,"[-1, 1, -1, 1, 1, -1, 1, 1, -1, -1]",1
1246,2021-03-12,"[1, 1, -1, 1, 1, 1, -1, 1, 1, -1]",1
1247,2021-03-13,"[-1, -1, -1, -1, 1, 1, 1, 1, 1, 1]",1
1248,2021-03-14,"[-1, -1, -1, 1, -1, -1, -1, 1, 1, 1]",-1
1249,2021-03-15,"[-1, 1, 1, 1, 1, 1, -1, 1, -1, -1]",1
1250,2021-03-16,"[1, 1, 1, 1, -1, 1, 1, 1, 1, 1]",1
1251,2021-03-17,"[1, 1, -1, 1, -1, 1, 1, 1, 1, 1]",1
1252,2021-03-18,"[-1, 1, 1, 1, -1, -1, -1, 1, -1, 1]",1
1253,2021-03-19,"[1, 1, 1, -1, 1, -1, -1, 1, -1, 1]",1
1254,2021-03-20,"[1, -1, -1, 1, -1, 1, 1, -1, 1, -1]",1
1255,2021-03-21,"[1, 1, 1, -1, -1, 1, 1, -1, 1, -1]",1
1256,2021-03-22,"[1, 1, 1, 1, -1, 1, -1, -1, -1, 1]",1
1257,2021-03-23,"[1, -1, 1, -1, 1, 1, 1, 1, -1, -1]",1
1258,2021-03-24,"[-1, -1, 1, 1, 1, -1, 1, 1, 1, -1]",1
1259,2021-03-25,"[-1, 1, 1, 1, 1, 1, -1, -1, 1, -1]",1
1260,2021-03-26,"[-1, 1, 1, 1, 1, 1, 1, -1, 1, 1]",1
1261,2021-03-27,"[1, -1, 1, 1, -1, 1, 1, -1, 1, -1]",1
1262,2021-03-28,"[1, -1, -1, 1, -1, 1, 1, -1, 1, 1]",1
1263,2021-03-29,"[1, 1, -1, 1, 1, 1, -1, 1, -1, 1]",1
1264,2021-03-30,"[1, -1, 1, 1, 1, 1, -1, 1, 1, -1]",1
1265,2021-03-31,"[-1, -1, -1, 1, 1, 1, 1, 1, 1, -1]",1
1266,2021-04-01,"[1, -1, 1, 1, 1, -1, -1, 1, -1, -1]",1
1267,2021-04-02,"[1, 1, -1, -1, -1, -1, 1, -1, 1, 1]",1
1268,2021-04-03,"[-1, 1, 1, 1, 1, -1, 1, 1, 1, -1]",1
1269,2021-04-04,"[1, 1, 1, 1, 1, 1, 1, -1, 1, -1]",1
1270,2021-04-05,"[-1, 1, -1, 1, 1, 1, 1, 1, 1, -1]",1
1271,2021-04-06,"[1, -1, -1, 1, -1, 1, -1, 1, 1, 1]",1
1272,2021-04-07,"[-1, 1, 1, 1, 1, 1, 1, -1, -1, -1]",1
1273,2021-04-08,"[1, 1, 1, 1, 1, 1, 1, 1, -1, 1]",1
1274,2021-04-09,"[1, 1, 1, -1, -1, -1, -1, 1, 1, 1]",1
1275,2021-04-10,"[1, 1, 1, 1, -1, -1, 1, -1, 1, 1]",1
1276,2021-04-11,"[1, 1, -1, -1, -1, -1, 1, 1, -1, 1]",1
1277,2021-04-12,"[-1, -1, 1, -1, -1, 1, -1, -1, -1, 1]",-1
1278,2021-04-13,"[1, -1, 1, 1, 1, 1, 1, -1, 1, -1]",1
1279,2021-04-14,"[-1, -1, 1, -1, -1, -1, 1, -1, -1, -1]",-1
1280,2021-04-15,"[1, -1, -1, 1, -1, -1, 1, 1, 1, 1]",1
1281,2021-04-16,"[-1, 1, 1, 1, 1, 1, 1, 1, -1, 1]",1
1282,2021-04-17,"[1, -1, -1, -1, -1, -1, 1, 1, -1, -1]",-1
1283,2021-04-18,"[1, -1, 1, 1, 1, -1, 1, 1, -1, 1]",1
1284,2021-04-19,"[-1, 1, 1, 1, 1, 1, -1, 1, 1, 1]",1
1285,2021-04-20,"[-1, -1, -1, 1, 1, -1, 1, -1, -1, 1]",-1
1286,2021-04-21,"[-1, -1, 1, 1, 1, 1, 1, -1, 1, 1]",1
1287,2021-04-22,"[1, 1, -1, 1, 1, -1, 1, 1, -1, -1]",1
1288,2021-04-23,"[1, -1, -1, 1, 1, 1, 1, 1, 1, 1]",1
1289,2021-04-24,"[-1, -1, 1, 1, 1, 1, 1, 1, -1, 1]",1
1290,2021-04-25,"[1, 1, 1, 1, 1, -1, 1, 1, -1, 1]",1
1291,2021-04-26,"[1, 1, 1, 1, 1, 1, 1, 1, -1, 1]",1
1292,2021-04-27,"[1, 1, -1, 1, 1, 1, -1, 1, 1, -1]",1
1293,2021-04-28,"[-1, 1, 1, 1, -1, 1, 1, -1, 1, 1]",1
1294,2021-04-29,"[1, -1, 1, 1, -1, -1, 1, -1, -1, -1]",-1
1295,2021-04-30,"[-1, -1, -1, 1, 1, -1, 1, -1, -1, 1]",-1
1296,2021-05-01,"[-1, 1, 1, 1, 1, 1, -1, 1, -1, 1]",1
1297,2021-05-02,"[1, 1, -1, -1, -1, -1, -1, 1, 1, 1]",1
1298,2021-05-03,"[1, 1, -1, -1, 1, -1, 1, 1, -1, -1]",1
1299,2021-05-04,"[1, -1, 1, -1, -1, -1, -1, 1, -1, -1]",-1
1300,2021-05-05,"[1, 1, -1, 1, 1, -1, 1, 1, 1, -1]",1
1301,2021-05-06,"[1, 1, -1, 1, 1, -1, 1, 1, 1, -1]",1
1302,2021-05-07,"[1, 1, 1, 1, 1, 1, -1, -1, -1, -1]",1
1303,2021-05-08,"[1, 1, -1, 1, 1, -1, -1, 1, -1, -1]",1
1304,2021-05-09,"[-1, 1, 1, 1, 1, 1, 1, 1, 1, 1]",1
1305,2021-05-10,"[1, 1, 1, -1, 1, 1, -1, 1, 1, 1]",1
1306,2021-05-11,"[1, -1, -1, 1, -1, 1, -1, 1, 1, -1]",1
1307,2021-05-12,"[1, -1, -1, -1, 1, -1, 1, 1, -1, -1]",-1
1308,2021-05-13,"[1, -1, 1, 1, -1, 1, 1, 1, -1, 1]",1
1309,2021-05-14,"[1, 1, -1, -1, -1, -1, 1, 1, 1, 1]",1
1310,2021-05-15,"[1, -1, 1, 1, -1, 1, 1, -1, 1, 1]",1
1311,2021-05-16,"[1, -1, 1, -1, -1, 1, 1, 1, 1, 1]",1
1312,2021-05-17,"[1, 1, -1, 1, 1, -1, -1, 1, -1, -1]",1
1313,2021-05-18,"[1, 1, 1, -1, 1, 1, 1, -1, 1, 1]",1
1314,2021-05-19,"[-1, 1, -1, 1, 1, 1, 1, 1, -1, 1]",1
1315,2021-05-20,"[-1, 1, 1, 1, -1, 1, -1, -1, -1, -1]",-1
1316,2021-05-21,"[1, 1, 1, 1, 1, -1, -1, 1, -1, 1]",1
1317,2021-05-22,"[1, 1, 1, 1, 1, 1, 1, 1, -1, 1]",1
1318,2021-05-23,"[1, -1, -1, 1, -1, 1, -1, 1, 1, 1]",1
1319,2021-05-24,"[-1, 1, 1, 1, 1, 1, 1, 1, -1, 1]",1
1320,2021-05-25,"[-1, 1, 1, 1, 1, -1, 1, 1, 1, 1]",1
1321,2021-05-26,"[1, 1, 1, 1, 1, 1, -1, -1, 1, 1]",1
1322,2021-05-27,"[-1, 1, 1, 1, 1, -1, -1, 1, 1, 1]",1
1323,2021-05-28,"[1, 1, 1, -1, -1, 1, 1, -1, -1, -1]",1
1324,2021-05-29,"[1, 1, 1, -1, -1, 1, 1, 1, -1, -1]",1
1325,2021-05-30,"[1, 1, 1, 1, 1, 1, 1, -1, -1, 1]",1
1326,2021-05-31,"[1, -1, 1, 1, 1, 1, -1, -1, 1, 1]",1
1327,2021-06-01,"[-1, -1, 1, -1, 1, 1, -1, -1, 1, 1]",1
1328,2021-06-02,"[1, 1, 1, 1, 1, 1, 1, -1, -1, 1]",1
1329,2021-06-03,"[1, 1, 1, 1, -1, -1, 1, 1, 1, 1]",1
1330,2021-06-04,"[1, 1, -1, 1, 1, 1, 1, 1, 1, -1]",1
1331,2021-06-05,"[-1, 1, -1, 1, -1, -1, -1, 1, 1, -1]",-1
1332,2021-06-06,"[1, -1, -1, -1, 1, -1, 1, -1, 1, -1]",-1
1333,2021-06-07,"[-1, 1, 1, 1, -1, 1, 1, 1, 1, 1]",1
1334,2021-06-08,"[-1, 1, -1, -1, -1, 1, -1, 1, 1, 1]",1
1335,2021-06-09,"[1, -1, 1, 1, -1, 1, 1, 1, 1, 1]",1
1336,2021-06-10,"[-1, 1, 1, -1, 1, 1, 1, 1, 1, 1]",1
1337,2021-06-11,"[1, 1, -1, 1, 1, 1, -1, 1, 1, 1]",1
1338,2021-06-12,"[1, 1, 1, -1, 1, -1, 1, 1, 1, 1]",1
1339,2021-06-13,"[-1, -1, 1, -1, 1, -1, -1, 1, -1, -1]",-1
1340,2021-06-14,"[1, -1, 1, 1, 1, 1, 1, -1, 1, -1]",1
1341,2021-06-15,"[1, -1, -1, -1, 1, 1, 1, 1, 1, -1]",1
1342,2021-06-16,"[1, 1, 1, -1, 1, -1, 1, 1, 1, -1]",1
1343,2021-06-17,"[1, -1, -1, -1, 1, 1, -1, -1, 1, 1]",1
1344,2021-06-18,"[1, 1, -1, -1, -1, 1, -1, -1, 1, 1]",1
1345,2021-06-19,"[-1, -1, 1, -1, -1, -1, 1, -1, -1, 1]",-1
1346,2021-06-20,"[-1, 1, -1, -1, -1, -1, 1, 1, -1, -1]",-1
1347,2021-06-21,"[1, 1, 1, -1, -1, 1, 1, 1, 1, -1]",1
1348,2021-06-22,"[-1, 1, -1, 1, 1, -1, 1, -1, -1, 1]",1
1349,2021-06-23,"[-1, 1, 1, -1, -1, 1, -1, 1, -1, 1]",1
1350,2021-06-24,"[1, 1, 1, -1, 1, 1, 1, 1, 1, 1]",1
1351,2021-06-25,"[1, 1, 1, 1, -1, -1, -1, -1, 1, 1]",1
1352,2021-06-26,"[1, 1, 1, -1, 1, -1, 1, 1, 1, -1]",1
1353,2021-06-27,"[1, 1, 1, 1, 1, 1, -1, -1, 1, 1]",1
1354,2021-06-28,"[1, -1, 1, -1, -1, 1, -1, 1, 1, 1]",1
1355,2021-06-29,"[1, 1, -1, 1, -1, -1, -1, 1, 1, -1]",1
1356,2021-06-30,"[-1, 1, -1, -1, -1, 1, 1, 1, 1, 1]",1
1357,2021-07-01,"[1, -1, 1, 1, -1, 1, 1, 1, -1, 1]",1
1358,2021-07-03,"[1, 1, 1, 1, 1, 1, -1, -1, 1, -1]",1
1359,2021-07-04,"[-1, -1, 1, 1, -1, -1, 1, 1, -1, -1]",-1
1360,2021-07-05,"[1, -1, 1, -1, 1, 1, 1, 1, -1, -1]",1
1361,2021-07-06,"[1, 1, 1, -1, 1, -1, -1, -1, -1, 1]",1
1362,2021-07-07,"[1, 1, 1, 1, 1, 1, -1, -1, 1, 1]",1
1363,2021-07-08,"[1, 1, -1, 1, 1, 1, -1, 1, 1, 1]",1
1364,2021-07-09,"[-1, -1, 1, 1, -1, 1, -1, 1, 1, 1]",1
1365,2021-07-10,"[1, 1, 1, -1, 1, -1, 1, 1, -1, -1]",1
1366,2021-07-11,"[1, 1, 1, 1, 1, 1, 1, 1, -1, 1]",1
1367,2021-07-12,"[1, -1, -1, 1, 1, -1, -1, 1, 1, 1]",1
1368,2021-07-13,"[1, 1, 1, 1, 1, 1, 1, -1, 1, -1]",1
1369,2021-07-14,"[1, 1, 1, 1, 1, 1, 1, 1, 1, -1]",1
1370,2021-07-15,"[1, 1, -1, -1, 1, 1, 1, 1, 1, 1]",1
1371,2021-07-16,"[1, 1, -1, 1, 1, 1, 1, 1, 1, -1]",1
1372,2021-07-17,"[1, -1, 1, -1, 1, 1, 1, -1, -1, 1]",1
1373,2021-07-18,"[1, 1, 1, 1, 1, 1, -1, -1, 1, 1]",1
1374,2021-07-19,"[1, -1, -1, -1, -1, 1, 1, -1, 1, 1]",1
1375,2021-07-20,"[1, -1, 1, 1, 1, 1, 1, 1, 1, 1]",1
1376,2021-07-21,"[1, 1, -1, 1, 1, 1, 1, 1, 1, -1]",1
1377,2021-07-22,"[1, 1, 1, 1, -1, 1, -1, 1, 1, 1]",1
1378,2021-07-23,"[1, -1, 1, 1, 1, 1, 1, -1, 1, 1]",1
1379,2021-07-24,"[1, 1, 1, 1, -1, 1, -1, 1, 1, -1]",1
1380,2021-07-25,"[-1, 1, 1, 1, -1, 1, 1, -1, 1, 1]",1
1381,2021-07-26,"[1, -1, 1, 1, 1, 1, 1, 1, -1, -1]",1
1382,2021-07-27,"[-1, 1, 1, 1, 1, 1, -1, 1, -1, -1]",1
1383,2021-07-28,"[1, 1, 1, -1, 1, -1, 1, 1, 1, -1]",1
1384,2021-07-29,"[-1, 1, 1, 1, 1, 1, 1, 1, 1, 1]",1
1385,2021-07-30,"[-1, -1, -1, 1, 1, -1, -1, 1, 1, 1]",1
1386,2021-07-31,"[-1, 1, 1, -1, 1, 1, 1, -1, -1, 1]",1
1387,2021-08-01,"[-1, 1, -1, 1, 1, 1, 1, 1, 1, 1]",1
1388,2021-08-02,"[1, -1, 1, 1, 1, -1, 1, -1, 1, -1]",1
1389,2021-08-03,"[1, 1, 1, -1, -1, -1, 1, -1, -1, 1]",1
1390,2021-08-04,"[1, 1, 1, 1, 1, -1, 1, 1, -1, 1]",1
1391,2021-08-05,"[1, -1, -1, -1, 1, 1, -1, -1, -1, 1]",-1
1392,2021-08-06,"[1, 1, -1, -1, 1, -1, -1, -1, 1, -1]",-1
1393,2021-08-07,"[1, -1, 1, -1, -1, -1, -1, 1, -1, -1]",-1
1394,2021-08-08,"[-1, -1, 1, -1, -1, 1, -1, 1, 1, 1]",1
1395,2021-08-09,"[1, 1, -1, 1, -1, -1, 1, -1, -1, -1]",-1
1396,2021-08-10,"[1, 1, 1, 1, 1, 1, 1, 1, 1, -1]",1
1397,2021-08-11,"[1, 1, -1, 1, -1, 1, -1, 1, 1, -1]",1
1398,2021-08-12,"[1, 1, 1, 1, 1, -1, 1, -1, 1, 1]",1
1399,2021-08-13,"[1, 1, 1, 1, 1, -1, -1, 1, 1, -1]",1
1400,2021-08-14,"[1, -1, 1, 1, 1, -1, 1, 1, 1, 1]",1
1401,2021-08-15,"[1, 1, -1, 1, 1, 1, 1, 1, 1, -1]",1
1402,2021-08-16,"[1, 1, 1, -1, -1, 1, -1, -1, 1, 1]",1
1403,2021-08-17,"[1, -1, -1, -1, -1, 1, -1, -1, 1, 1]",-1
1404,2021-08-18,"[-1, 1, 1, 1, 1, 1, -1, 1, 1, -1]",1
1405,2021-08-19,"[1, -1, 1, -1, 1, 1, 1, -1, 1, 1]",1
1406,2021-08-20,"[1, 1, -1, 1, -1, 1, -1, 1, -1, 1]",1
1407,2021-08-21,"[1, 1, -1, -1, 1, -1, -1, -1, 1, 1]",1
1408,2021-08-22,"[-1, -1, 1, -1, 1, 1, -1, 1, 1, -1]",1
1409,2021-08-23,"[1, 1, 1, 1, -1, 1, 1, -1, 1, -1]",1
1410,2021-08-24,"[-1, -1, 1, -1, -1, -1, -1, -1, 1, -1]",-1
1411,2021-08-25,"[1, 1, 1, -1, 1, -1, 1, 1, 1, -1]",1
1412,2021-08-26,"[1, 1, -1, -1, -1, -1, 1, -1, -1, 1]",-1
1413,2021-08-27,"[-1, -1, 1, 1, -1, 1, -1, 1, 1, -1]",1
1414,2021-08-28,"[1, 1, 1, 1, 1, 1, 1, -1, -1, 1]",1
1415,2021-08-29,"[1, -1, -1, -1, -1, -1, 1, -1, -1, 1]",-1
1416,2021-08-30,"[1, -1, 1, 1, 1, -1, 1, 1, -1, 1]",1
1417,2021-08-31,"[1, 1, 1, 1, -1, -1, -1, -1, -1, -1]",-1
1418,2021-09-01,"[1, -1, 1, -1, 1, 1, 1, 1, 1, -1]",1
1419,2021-09-02,"[1, 1, 1, 1, 1, 1, 1, -1, 1, -1]",1
1420,2021-09-03,"[1, 1, -1, -1, 1, -1, -1, 1, 1, 1]",1
1421,2021-09-04,"[1, 1, 1, 1, 1, 1, 1, -1, 1, 1]",1
1422,2021-09-05,"[-1, 1, 1, 1, -1, -1, 1, 1, 1, 1]",1
1423,2021-09-06,"[1, 1, -1, 1, -1, -1, 1, 1, 1, 1]",1
1424,2021-09-07,"[1, 1, 1, 1, -1, 1, -1, 1, -1, -1]",1
1425,2021-09-08,"[1, 1, -1, 1, -1, -1, -1, 1, 1, 1]",1
1426,2021-09-09,"[1, -1, 1, -1, 1, -1, 1, -1, 1, -1]",1
1427,2021-09-10,"[1, 1, -1, 1, -1, 1, 1, 1, 1, 1]",1
1428,2021-09-11,"[1, 1, 1, 1, 1, -1, 1, -1, 1, -1]",1
1429,2021-09-12,"[1, 1, -1, 1, 1, 1, 1, 1, -1, 1]",1
1430,2021-09-13,"[-1, 1, 1, -1, 1, 1, -1, 1, 1, -1]",1
1431,2021-09-14,"[-1, 1, 1, 1, 1, -1, -1, 1, 1, -1]",1
1432,2021-09-15,"[-1, 1, -1, 1, 1, 1, 1, 1, 1, 1]",1
1433,2021-09-16,"[-1, -1, 1, -1, 1, 1, 1, 1, 1, 1]",1
1434,2021-09-17,"[1, 1, 1, -1, 1, 1, 1, 1, 1, -1]",1
1435,2021-09-18,"[-1, 1, 1, 1, 1, -1, 1, -1, -1, 1]",1
1436,2021-09-19,"[1, 1, 1, -1, -1, -1, 1, 1, -1, 1]",1
1437,2021-09-20,"[1, -1, 1, 1, -1, -1, 1, -1, 1, 1]",1
1438,2021-09-21,"[1, 1, -1, 1, 1, -1, 1, -1, 1, -1]",1
1439,2021-09-22,"[-1, 1, 1, 1, 1, 1, 1, -1, -1, -1]",1
1440,2021-09-23,"[1, -1, -1, -1, 1, 1, -1, 1, -1, -1]",-1
1441,2021-09-24,"[1, 1, 1, 1, 1, -1, -1, -1, 1, 1]",1
1442,2021-09-25,"[1, 1, 1, 1, -1, 1, -1, 1, -1, -1]",1
1443,2021-09-26,"[1, -1, -1, 1, 1, 1, 1, 1, -1, 1]",1
1444,2021-09-27,"[1, -1, -1, 1, -1, -1, 1, -1, 1, 1]",1
1445,2021-09-28,"[1, 1, 1, 1, -1, -1, -1, 1, 1, 1]",1
1446,2021-09-29,"[-1, -1, -1, -1, 1, 1, -1, 1, 1, -1]",-1
1447,2021-09-30,"[1, 1, -1, -1, 1, 1, 1, 1, -1, 1]",1
1448,2021-10-01,"[1, 1, 1, -1, -1, 1, -1, 1, 1, -1]",1
1449,2021-10-02,"[1, 1, 1, -1, -1, -1, 1, 1, -1, -1]",1
1450,2021-10-03,"[1, 1, 1, 1, 1, 1, 1, 1, -1, -1]",1
1451,2021-10-04,"[-1, 1, 1, 1, -1, 1, 1, 1, 1, -1]",1
1452,2021-10-05,"[-1, 1, 1, -1, -1, -1, -1, 1, 1, 1]",1
1453,2021-10-06,"[1, 1, 1, 1, -1, 1, -1, 1, -1, -1]",1
1454,2021-10-07,"[1, -1, 1, 1, -1, 1, -1, 1, 1, -1]",1
1455,2021-10-08,"[1, -1, -1, 1, 1, 1, -1, 1, 1, 1]",1
1456,2021-10-09,"[1, 1, -1, 1, 1, 1, -1, 1, -1, 1]",1
1457,2021-10-10,"[-1, 1, -1, 1, 1, 1, 1, 1, -1, -1]",1
1458,2021-10-11,"[1, 1, -1, -1, 1, 1, 1, 1, 1, 1]",1
1459,2021-10-12,"[-1, -1, -1, 1, -1, 1, 1, -1, 1, 1]",1
1460,2021-10-13,"[1, 1, 1, -1, 1, -1, 1, -1, -1, -1]",1
1461,2021-10-14,"[-1, 1, -1, -1, 1, -1, -1, -1, -1, 1]",-1
1462,2021-10-15,"[1, 1, 1, -1, 1, -1, 1, 1, -1, -1]",1
1463,2021-10-16,"[-1, 1, -1, 1, 1, 1, -1, -1, 1, 1]",1
1464,2021-10-17,"[1, -1, -1, 1, -1, -1, 1, 1, 1, 1]",1
1465,2021-10-18,"[-1, -1, 1, -1, 1, 1, -1, 1, -1, -1]",-1
1466,2021-10-19,"[1, 1, -1, 1, 1, 1, 1, -1, -1, 1]",1
1467,2021-10-20,"[1, -1, 1, 1, 1, -1, 1, 1, -1, 1]",1
1468,2021-10-21,"[1, 1, -1, 1, -1, 1, -1, 1, 1, 1]",1
1469,2021-10-22,"[-1, -1, 1, 1, 1, -1, 1, -1, 1, 1]",1
1470,2021-10-23,"[1, 1, 1, 1, 1, 1, -1, 1, -1, 1]",1
1471,2021-10-24,"[1, -1, -1, 1, 1, 1, 1, -1, -1, 1]",1
1472,2021-10-25,"[1, 1, 1, 1, -1, 1, 1, 1, -1, 1]",1
1473,2021-10-26,"[1, 1, 1, -1, 1, 1, 1, 1, 1, -1]",1
1474,2021-10-27,"[-1, -1, 1, 1, 1, -1, -1, 1, 1, 1]",1
1475,2021-10-28,"[-1, -1, 1, 1, -1, -1, 1, 1, 1, -1]",1
1476,2021-10-29,"[-1, -1, -1, -1, 1, -1, -1, -1, 1, -1]",-1
1477,2021-10-30,"[-1, 1, -1, -1, 1, 1, 1, -1, 1, 1]",1
1478,2021-10-31,"[1, 1, 1, -1, 1, 1, 1, -1, 1, 1]",1
1479,2021-11-01,"[1, -1, -1, 1, -1, -1, 1, -1, 1, 1]",1
1480,2021-11-02,"[-1, 1, -1, 1, -1, 1, 1, 1, 1, -1]",1
1481,2021-11-03,"[-1, 1, 1, 1, -1, 1, 1, 1, 1, 1]",1
1482,2021-11-04,"[-1, -1, -1, 1, -1, -1, 1, -1, 1, -1]",-1
1483,2021-11-05,"[-1, 1, 1, 1, 1, 1, -1, 1, -1, 1]",1
1484,2021-11-06,"[1, -1, 1, 1, -1, -1, 1, -1, 1, 1]",1
1485,2021-11-07,"[1, 1, -1, -1, 1, 1, 1, 1, -1, 1]",1
1486,2021-11-08,"[1, -1, 1, 1, 1, -1, 1, 1, 1, 1]",1
1487,2021-11-09,"[-1, -1, -1, 1, 1, -1, 1, 1, 1, 1]",1
1488,2021-11-10,"[1, 1, 1, -1, -1, 1, -1, -1, 1, -1]",1
1489,2021-11-11,"[-1, 1, -1, 1, 1, 1, -1, 1, 1, 1]",1
1490,2021-11-12,"[-1, 1, 1, -1, -1, 1, 1, 1, -1, -1]",1
1491,2021-11-13,"[-1, -1, 1, 1, 1, 1, 1, 1, 1, -1]",1
1492,2021-11-14,"[1, 1, 1, 1, 1, -1, -1, -1, 1, 1]",1
1493,2021-11-15,"[1, 1, -1, 1, 1, 1, -1, 1, -1, -1]",1
1494,2021-11-16,"[1, -1, -1, -1, -1, -1, 1, 1, -1, -1]",-1
1495,2021-11-17,"[-1, -1, 1, 1, -1, 1, -1, 1, -1, 1]",1
1496,2021-11-18,"[-1, 1, -1, 1, 1, 1, -1, -1, -1, 1]",1
1497,2021-11-19,"[1, 1, -1, 1, -1, 1, 1, 1, 1, 1]",1
1498,2021-11-20,"[-1, -1, 1, -1, 1, 1, 1, 1, 1, 1]",1
1499,2021-11-21,"[-1, -1, 1, 1, -1, -1, 1, 1, -1, 1]",1
1500,2021-11-22,"[-1, 1, -1, -1, -1, 1, 1, 1, -1, -1]",-1
1501,2021-11-23,"[1, -1, -1, -1, 1, -1, 1, -1, 1, 1]",1
1502,2021-11-24,"[1, 1, -1, -1, -1, 1, 1, -1, -1, -1]",-1
1503,2021-11-25,"[-1, -1, -1, -1, -1, 1, 1, 1, 1, -1]",-1
1504,2021-11-26,"[-1, 1, -1, -1, 1, 1, -1, -1, -1, 1]",-1
1505,2021-11-27,"[1, -1, -1, -1, 1, 1, 1, 1, -1, -1]",1
1506,2021-11-28,"[1, 1, 1, -1, -1, 1, 1, 1, -1, -1]",1
1507,2021-11-29,"[1, -1, 1, -1, -1, 1, 1, -1, -1, 1]",1
1508,2021-11-30,"[-1, 1, -1, -1, 1, -1, -1, -1, 1, 1]",-1
1509,2021-12-01,"[-1, -1, 1, 1, 1, 1, -1, -1, -1, 1]",1
1510,2021-12-02,"[1, -1, 1, 1, -1, 1, 1, 1, 1, 1]",1
1511,2021-12-03,"[1, 1, 1, 1, -1, 1, -1, 1, 1, -1]",1
1512,2021-12-04,"[-1, 1, -1, -1, -1, 1, 1, -1, 1, 1]",1
1513,2021-12-05,"[1, -1, -1, 1, -1, 1, 1, -1, -1, 1]",1
1514,2021-12-06,"[1, 1, -1, -1, 1, 1, -1, 1, 1, -1]",1
1515,2021-12-07,"[1, 1, 1, -1, -1, -1, 1, 1, 1, -1]",1
1516,2021-12-08,"[1, -1, 1, 1, 1, 1, 1, 1, 1, -1]",1
1517,2021-12-09,"[1, 1, 1, -1, 1, 1, 1, 1, -1, -1]",1
1518,2021-12-10,"[1, -1, -1, 1, 1, 1, 1, 1, -1, 1]",1
1519,2021-12-11,"[1, 1, -1, 1, -1, 1, 1, 1, 1, -1]",1
1520,2021-12-12,"[1, -1, -1, 1, -1, 1, 1, 1, -1, 1]",1
1521,2021-12-13,"[-1, 1, -1, 1, 1, -1, -1, -1, -1, 1]",-1
1522,2021-12-14,"[-1, -1, 1, 1, 1, 1, -1, 1, -1, 1]",1
1523,2021-12-15,"[-1, -1, -1, 1, 1, 1, 1, -1, 1, 1]",1
1524,2021-12-16,"[-1, -1, 1, 1, 1, 1, -1, 1, 1, -1]",1
1525,2021-12-17,"[1, -1, 1, 1, 1, 1, -1, 1, 1, -1]",1
1526,2021-12-18,"[1, 1, 1, 1, 1, -1, 1, 1, -1, -1]",1
1527,2021-12-19,"[1, -1, 1, -1, 1, -1, -1, -1, 1, -1]",-1
1528,2021-12-20,"[-1, -1, 1, -1, 1, -1, 1, -1, 1, 1]",1
1529,2021-12-21,"[1, -1, -1, 1, 1, 1, 1, -1, -1, 1]",1
1530,2021-12-22,"[-1, -1, -1, 1, 1, -1, -1, -1, -1, 1]",-1
1531,2021-12-23,"[1, 1, -1, 1, -1, -1, 1, 1, 1, 1]",1
1532,2021-12-24,"[1, -1, -1, -1, 1, -1, 1, 1, 1, 1]",1
1533,2021-12-25,"[1, 1, -1, -1, 1, 1, 1, 1, 1, -1]",1
1534,2021-12-26,"[1, -1, 1, -1, 1, -1, -1, 1, -1, 1]",1
1535,2021-12-27,"[1, 1, -1, 1, -1, 1, 1, 1, -1, 1]",1
1536,2021-12-28,"[-1, -1, -1, 1, 1, 1, 1, 1, -1, 1]",1
1537,2021-12-29,"[-1, 1, -1, 1, 1, 1, -1, 1, 1, 1]",1
1538,2021-12-30,"[1, 1, 1, 1, -1, 1, 1, 1, 1, 1]",1
1539,2021-12-31,"[1, -1, 1, 1, 1, 1, -1, 1, 1, 1]",1
1540,2022-01-01,"[-1, 1, 1, 1, -1, 1, 1, -1, -1, 1]",1
1541,2022-01-02,"[-1, -1, -1, 1, 1, 1, 1, 1, 1, 1]",1
1542,2022-01-03,"[1, -1, 1, 1, 1, 1, 1, 1, 1, -1]",1
1543,2022-01-04,"[1, 1, 1, -1, 1, -1, 1, 1, 1, -1]",1
1544,2022-01-05,"[-1, 1, -1, -1, 1, 1, 1, 1, 1, 1]",1
1545,2022-01-06,"[-1, 1, 1, 1, 1, 1, 1, 1, 1, 1]",1
1546,2022-01-07,"[1, 1, -1, 1, 1, -1, 1, -1, -1, 1]",1
1547,2022-01-08,"[1, -1, 1, -1, 1, 1, 1, 1, 1, 1]",1
1548,2022-01-09,"[1, 1, 1, 1, 1, 1, 1, 1, -1, 1]",1
1549,2022-01-10,"[1, -1, -1, 1, 1, 1, 1, 1, 1, -1]",1
1550,2022-01-11,"[-1, 1, 1, 1, -1, 1, -1, 1, 1, -1]",1
1551,2022-01-12,"[1, 1, -1, 1, -1, 1, 1, 1, 1, 1]",1
1552,2022-01-13,"[1, 1, -1, 1, -1, 1, -1, 1, 1, -1]",1
1553,2022-01-14,"[1, -1, 1, -1, -1, 1, 1, 1, 1, 1]",1
1554,2022-01-15,"[-1, 1, 1, 1, -1, 1, 1, -1, 1, 1]",1
1555,2022-01-16,"[-1, 1, 1, 1, 1, 1, 1, 1, -1, 1]",1
1556,2022-01-17,"[-1, 1, 1, -1, 1, 1, 1, 1, -1, -1]",1
1557,2022-01-18,"[1, -1, 1, 1, 1, -1, -1, 1, 1, 1]",1
1558,2022-01-19,"[-1, 1, -1, 1, 1, 1, 1, 1, 1, 1]",1
1559,2022-01-20,"[1, 1, -1, -1, -1, -1, 1, -1, 1, 1]",1
1560,2022-01-21,"[1, 1, 1, 1, 1, -1, -1, 1, 1, -1]",1
1561,2022-01-22,"[1, 1, 1, -1, 1, 1, 1, 1, -1, 1]",1
1562,2022-01-23,"[-1, 1, -1, 1, 1, -1, 1, -1, 1, -1]",1
1563,2022-01-24,"[1, -1, -1, -1, 1, 1, -1, 1, 1, -1]",1
1564,2022-01-25,"[-1, 1, 1, 1, -1, 1, 1, -1, 1, -1]",1
1565,2022-01-26,"[-1, -1, -1, 1, 1, 1, -1, -1, 1, 1]",1
1566,2022-01-27,"[-1, 1, -1, 1, -1, 1, -1, -1, 1, -1]",-1
1567,2022-01-28,"[-1, -1, 1, 1, -1, -1, 1, -1, 1, 1]",1
1568,2022-01-29,"[-1, 1, 1, -1, -1, -1, 1, 1, -1, -1]",-1
1569,2022-01-30,"[1, 1, 1, 1, 1, 1, -1, 1, 1, 1]",1
1570,2022-01-31,"[1, 1, 1, 1, -1, -1, -1, 1, -1, 1]",1
1571,2022-02-01,"[1, 1, 1, 1, 1, 1, 1, 1, 1, 1]",1
1572,2022-02-02,"[1, 1, 1, 1, -1, -1, 1, 1, 1, 1]",1
1573,2022-02-03,"[1, 1, -1, 1, 1, -1, -1, 1, 1, 1]",1
1574,2022-02-04,"[1, 1, -1, 1, 1, -1, 1, 1, -1, 1]",1
1575,2022-02-05,"[-1, -1, 1, -1, 1, 1, 1, 1, 1, -1]",1
1576,2022-02-06,"[-1, -1, 1, 1, -1, -1, -1, -1, -1, -1]",-1
1577,2022-02-07,"[1, -1, 1, 1, 1, -1, 1, -1, -1, 1]",1
1578,2022-02-08,"[1, -1, 1, 1, -1, -1, -1, -1, 1, 1]",1
1579,2022-02-09,"[1, 1, -1, 1, -1, 1, -1, 1, -1, 1]",1
1580,2022-02-10,"[1, -1, -1, 1, 1, -1, 1, 1, 1, -1]",1
1581,2022-02-11,"[-1, 1, -1, 1, -1, -1, 1, 1, -1, -1]",-1
1582,2022-02-12,"[1, -1, 1, 1, 1, 1, 1, -1, -1, -1]",1
1583,2022-02-13,"[-1, 1, 1, 1, 1, 1, 1, 1, -1, 1]",1
1584,2022-02-14,"[1, 1, -1, -1, -1, -1, 1, -1, -1, -1]",-1
1585,2022-02-15,"[1, -1, -1, 1, -1, 1, -1, 1, 1, -1]",1
1586,2022-02-16,"[-1, -1, 1, 1, 1, -1, 1, 1, 1, -1]",1
1587,2022-02-17,"[-1, -1, -1, 1, -1, 1, 1, 1, 1, 1]",1
1588,2022-02-18,"[-1, -1, -1, -1, -1, -1, 1, 1, 1, -1]",-1
1589,2022-02-19,"[-1, 1, -1, 1, 1, 1, -1, 1, -1, -1]",1
1590,2022-02-20,"[1, 1, 1, -1, 1, 1, -1, -1, -1, -1]",1
1591,2022-02-21,"[-1, 1, 1, 1, -1, 1, 1, 1, -1, 1]",1
1592,2022-02-22,"[1, 1, -1, 1, 1, 1, 1, 1, 1, 1]",1
1593,2022-02-23,"[-1, -1, -1, -1, 1, 1, -1, -1, 1, 1]",-1
1594,2022-02-24,"[-1, -1, 1, -1, -1, 1, 1, -1, -1, -1]",-1
1595,2022-02-25,"[-1, -1, 1, 1, 1, 1, 1, 1, 1, 1]",1
1596,2022-02-26,"[1, -1, 1, -1, 1, -1, 1, -1, 1, 1]",1
1597,2022-02-27,"[-1, 1, -1, -1, -1, 1, 1, 1, -1, 1]",1
1598,2022-02-28,"[1, 1, 1, -1, 1, 1, -1, -1, -1, 1]",1
1599,2022-03-01,"[1, 1, -1, 1, -1, 1, -1, 1, 1, 1]",1
1600,2022-03-02,"[1, -1, -1, 1, -1, 1, -1, 1, 1, 1]",1
1601,2022-03-03,"[1, 1, 1, 1, -1, 1, -1, -1, -1, -1]",1
1602,2022-03-04,"[-1, 1, -1, -1, -1, 1, 1, 1, 1, -1]",1
1603,2022-03-05,"[1, -1, 1, 1, 1, 1, 1, 1, -1, -1]",1
1604,2022-03-06,"[1, 1, 1, 1, 1, -1, -1, 1, 1, -1]",1
1605,2022-03-07,"[-1, -1, -1, -1, -1, 1, -1, 1, -1, 1]",-1
1606,2022-03-08,"[1, 1, -1, 1, 1, -1, -1, -1, 1, -1]",1
1607,2022-03-09,"[1, 1, 1, 1, -1, -1, 1, -1, 1, -1]",1
1608,2022-03-10,"[1, 1, 1, -1, 1, -1, 1, 1, 1, -1]",1
1609,2022-03-11,"[-1, -1, -1, -1, 1, 1, -1, 1, 1, -1]",-1
1610,2022-03-12,"[1, -1, 1, -1, -1, -1, 1, 1, 1, -1]",1
1611,2022-03-13,"[1, -1, -1, 1, -1, -1, -1, -1, 1, -1]",-1
1612,2022-03-14,"[-1, 1, 1, 1, 1, 1, -1, 1, -1, -1]",1
1613,2022-03-15,"[1, 1, 1, 1, -1, -1, 1, 1, 1, 1]",1
1614,2022-03-16,"[-1, 1, 1, -1, -1, 1, 1, 1, 1, 1]",1
1615,2022-03-17,"[-1, 1, 1, -1, 1, 1, 1, -1, 1, -1]",1
1616,2022-03-18,"[-1, -1, -1, 1, 1, 1, -1, -1, -1, -1]",-1
1617,2022-03-19,"[-1, -1, 1, 1, -1, 1, -1, -1, 1, -1]",-1
1618,2022-03-20,"[-1, 1, 1, 1, 1, 1, -1, 1, -1, 1]",1
1619,2022-03-21,"[1, 1, -1, 1, -1, 1, 1, 1, 1, -1]",1
1620,2022-03-22,"[1, -1, 1, -1, 1, 1, 1, 1, 1, 1]",1
1621,2022-03-23,"[1, -1, 1, 1, 1, -1, 1, -1, -1, 1]",1
1622,2022-03-24,"[-1, 1, -1, 1, 1, 1, 1, 1, 1, -1]",1
1623,2022-03-25,"[1, 1, -1, 1, 1, 1, 1, -1, -1, 1]",1
1624,2022-03-26,"[1, 1, 1, 1, 1, 1, 1, 1, -1, 1]",1
1625,2022-03-27,"[1, -1, -1, 1, -1, 1, 1, -1, -1, 1]",1
1626,2022-03-28,"[-1, 1, -1, -1, -1, -1, -1, -1, -1, -1]",-1
1627,2022-03-29,"[1, 1, -1, -1, 1, 1, 1, -1, 1, 1]",1
1628,2022-03-30,"[1, 1, 1, -1, -1, 1, -1, -1, 1, 1]",1
1629,2022-03-31,"[-1, 1, -1, 1, -1, -1, 1, 1, 1, 1]",1
1630,2022-04-01,"[1, 1, 1, -1, 1, -1, -1, 1, 1, -1]",1
1631,2022-04-02,"[-1, -1, -1, 1, 1, 1, 1, -1, 1, 1]",1
1632,2022-04-03,"[-1, -1, 1, -1, 1, -1, 1, -1, -1, -1]",-1
1633,2022-04-04,"[1, -1, -1, 1, -1, 1, 1, 1, -1, 1]",1
1634,2022-04-05,"[-1, 1, -1, 1, 1, 1, 1, -1, 1, 1]",1
1635,2022-04-06,"[1, 1, -1, 1, -1, -1, 1, 1, -1, -1]",1
1636,2022-04-07,"[-1, 1, 1, 1, -1, 1, 1, 1, -1, -1]",1
1637,2022-04-08,"[-1, 1, 1, 1, 1, -1, 1, -1, 1, 1]",1
1638,2022-04-09,"[1, 1, 1, 1, -1, 1, 1, 1, 1, -1]",1
1639,2022-04-10,"[1, -1, -1, 1, 1, 1, -1, 1, 1, 1]",1
1640,2022-04-11,"[-1, 1, 1, 1, 1, -1, 1, 1, 1, 1]",1
1641,2022-04-12,"[1, -1, 1, 1, 1, 1, -1, -1, 1, -1]",1
1642,2022-04-13,"[1, 1, 1, -1, -1, 1, 1, -1, -1, 1]",1
1643,2022-04-14,"[-1, -1, 1, -1, -1, 1, 1, 1, -1, 1]",1
1644,2022-04-15,"[1, -1, 1, 1, -1, -1, 1, 1, 1, 1]",1
1645,2022-04-16,"[-1, -1, 1, -1, 1, -1, 1, -1, -1, -1]",-1
1646,2022-04-17,"[1, 1, 1, 1, 1, -1, 1, -1, 1, 1]",1
1647,2022-04-18,"[1, -1, -1, -1, 1, -1, -1, 1, 1, -1]",-1
1648,2022-04-19,"[1, 1, 1, 1, -1, 1, 1, 1, 1, -1]",1
1649,2022-04-20,"[1, 1, -1, 1, 1, 1, 1, -1, -1, 1]",1
1650,2022-04-21,"[-1, -1, 1, 1, 1, 1, 1, -1, 1, 1]",1
1651,2022-04-22,"[1, 1, 1, -1, 1, 1, 1, -1, 1, -1]",1
1652,2022-04-23,"[-1, 1, 1, 1, 1, -1, 1, 1, 1, 1]",1
1653,2022-04-24,"[-1, 1, 1, 1, -1, 1, 1, -1, 1, -1]",1
1654,2022-04-25,"[1, 1, 1, 1, 1, 1, 1, 1, 1, 1]",1
1655,2022-04-26,"[-1, 1, -1, -1, -1, -1, 1, 1, 1, 1]",1
1656,2022-04-27,"[1, -1, 1, -1, 1, -1, -1, -1, 1, -1]",-1
1657,2022-04-28,"[1, 1, -1, 1, 1, 1, 1, -1, 1, -1]",1
1658,2022-04-29,"[1, 1, 1, 1, 1, -1, -1, 1, -1, 1]",1
1659,2022-04-30,"[-1, 1, -1, 1, 1, 1, -1, 1, 1, 1]",1
1660,2022-05-01,"[1, 1, -1, 1, 1, 1, 1, 1, 1, 1]",1
1661,2022-05-02,"[-1, 1, -1, -1, -1, 1, -1, -1, 1, -1]",-1
1662,2022-05-03,"[1, 1, 1, -1, -1, -1, 1, -1, 1, 1]",1
1663,2022-05-04,"[-1, -1, 1, 1, -1, -1, 1, 1, -1, 1]",1
1664,2022-05-05,"[-1, -1, -1, -1, -1, 1, -1, 1, 1, 1]",-1
1665,2022-05-06,"[-1, -1, 1, -1, 1, -1, -1, -1, 1, -1]",-1
1666,2022-05-07,"[-1, 1, 1, -1, -1, 1, -1, -1, -1, 1]",-1
1667,2022-05-08,"[-1, 1, 1, 1, 1, -1, 1, -1, 1, -1]",1
1668,2022-05-09,"[-1, 1, -1, 1, 1, 1, -1, 1, 1, 1]",1
1669,2022-05-10,"[-1, 1, -1, 1, 1, -1, -1, -1, 1, -1]",-1
1670,2022-05-11,"[1, 1, 1, 1, 1, 1, 1, 1, 1, -1]",1
1671,2022-05-12,"[1, 1, 1, -1, 1, 1, -1, -1, 1, -1]",1
1672,2022-05-13,"[-1, -1, 1, -1, 1, -1, 1, -1, 1, 1]",1
1673,2022-05-14,"[1, 1, -1, 1, 1, 1, 1, 1, 1, -1]",1
1674,2022-05-15,"[-1, 1, 1, -1, -1, -1, 1, 1, 1, 1]",1
1675,2022-05-16,"[-1, 1, 1, -1, -1, -1, -1, 1, 1, -1]",-1
1676,2022-05-17,"[1, 1, 1, 1, -1, 1, 1, 1, 1, -1]",1
1677,2022-05-18,"[-1, -1, -1, -1, 1, 1, 1, -1, -1, 1]",-1
1678,2022-05-19,"[-1, 1, -1, -1, -1, 1, 1, -1, 1, 1]",1
1679,2022-05-20,"[1, -1, 1, -1, 1, 1, -1, -1, -1, 1]",1
1680,2022-05-21,"[-1, 1, -1, 1, 1, -1, 1, 1, -1, -1]",1
1681,2022-05-22,"[1, 1, 1, 1, 1, 1, -1, 1, -1, -1]",1
1682,2022-05-23,"[-1, -1, 1, -1, 1, 1, 1, -1, 1, 1]",1
1683,2022-05-24,"[1, 1, 1, -1, 1, -1, 1, -1, -1, 1]",1
1684,2022-05-25,"[1, -1, -1, 1, 1, -1, 1, 1, -1, 1]",1
1685,2022-05-26,"[1, 1, 1, -1, -1, -1, -1, -1, 1, -1]",-1
1686,2022-05-27,"[-1, 1, 1, -1, 1, 1, 1, -1, 1, -1]",1
1687,2022-05-28,"[1, 1, -1, 1, 1, 1, 1, -1, 1, 1]",1
1688,2022-05-29,"[1, 1, -1, -1, 1, -1, 1, 1, -1, -1]",1
1689,2022-05-30,"[1, 1, 1, -1, 1, -1, 1, 1, -1, 1]",1
1690,2022-05-31,"[-1, 1, 1, 1, -1, -1, 1, 1, 1, -1]",1
1691,2022-06-01,"[1, -1, 1, -1, -1, 1, 1, -1, -1, 1]",1
1692,2022-06-02,"[1, 1, 1, 1, -1, 1, -1, 1, -1, -1]",1
1693,2022-06-03,"[-1, 1, -1, 1, -1, -1, 1, -1, 1, 1]",1
1694,2022-06-04,"[1, -1, -1, -1, 1, -1, 1, 1, 1, 1]",1
1695,2022-06-05,"[1, -1, 1, 1, -1, -1, -1, -1, -1, 1]",-1
1696,2022-06-06,"[1, -1, 1, 1, -1, 1, 1, 1, -1, 1]",1
1697,2022-06-07,"[1, 1, -1, 1, 1, -1, 1, -1, -1, 1]",1
1698,2022-06-08,"[-1, 1, 1, -1, -1, 1, 1, 1, -1, 1]",1
1699,2022-06-09,"[-1, 1, -1, 1, -1, 1, 1, 1, 1, 1]",1
1700,2022-06-10,"[-1, -1, -1, -1, 1, -1, -1, -1, 1, 1]",-1
1701,2022-06-11,"[-1, -1, 1, -1, 1, 1, -1, -1, 1, 1]",1
1702,2022-06-12,"[1, -1, 1, -1, -1, 1, 1, -1, 1, -1]",1
1703,2022-06-13,"[-1, 1, 1, 1, 1, 1, 1, 1, -1, 1]",1
1704,2022-06-14,"[1, 1, -1, 1, -1, 1, 1, 1, 1, -1]",1
1705,2022-06-15,"[-1, -1, -1, -1, -1, 1, 1, -1, 1, -1]",-1
1706,2022-06-16,"[-1, -1, -1, -1, 1, 1, -1, -1, -1, 1]",-1
1707,2022-06-17,"[-1, 1, -1, -1, 1, -1, 1, 1, -1, 1]",1
1708,2022-06-18,"[-1, 1, 1, -1, 1, 1, -1, 1, 1, 1]",1
1709,2022-06-19,"[-1, -1, -1, -1, 1, 1, 1, 1, -1, -1]",-1
1710,2022-06-20,"[1, -1, 1, -1, 1, -1, 1, -1, -1, 1]",1
1711,2022-06-21,"[1, 1, 1, 1, 1, -1, -1, 1, -1, 1]",1
1712,2022-06-22,"[1, 1, 1, -1, 1, -1, -1, -1, 1, -1]",1
1713,2022-06-23,"[-1, 1, 1, -1, 1, 1, 1, 1, 1, -1]",1
1714,2022-06-24,"[-1, 1, 1, 1, 1, 1, 1, 1, 1, 1]",1
1715,2022-06-25,"[-1, -1, -1, 1, 1, 1, 1, -1, -1, 1]",1
1716,2022-06-26,"[1, -1, 1, -1, -1, -1, -1, -1, -1, 1]",-1
1717,2022-06-27,"[1, 1, -1, -1, 1, 1, 1, 1, -1, 1]",1
1718,2022-06-28,"[1, 1, -1, 1, 1, 1, 1, 1, 1, 1]",1
1719,2022-06-29,"[1, 1, 1, 1, 1, 1, -1, 1, -1, 1]",1
1720,2022-06-30,"[-1, 1, 1, 1, 1, 1, 1, 1, -1, -1]",1
1721,2022-07-01,"[1, 1, 1, -1, 1, 1, 1, 1, 1, -1]",1
1722,2022-07-02,"[-1, 1, 1, 1, 1, -1, 1, 1, 1, 1]",1
1723,2022-07-03,"[1, 1, 1, -1, 1, 1, -1, -1, 1, -1]",1
1724,2022-07-04,"[1, -1, -1, -1, 1, 1, 1, -1, 1, -1]",1
1725,2022-07-05,"[1, 1, 1, -1, -1, -1, -1, 1, -1, 1]",1
1726,2022-07-06,"[1, 1, 1, 1, 1, -1, 1, 1, 1, 1]",1
1727,2022-07-07,"[1, 1, 1, -1, 1, 1, 1, 1, 1, 1]",1
1728,2022-07-08,"[1, 1, 1, 1, 1, 1, -1, 1, 1, -1]",1
1729,2022-07-09,"[-1, -1, 1, -1, 1, 1, 1, 1, 1, 1]",1
1730,2022-07-10,"[1, -1, -1, -1, 1, -1, -1, 1, 1, -1]",-1
1731,2022-07-11,"[1, -1, 1, -1, -1, -1, -1, 1, -1, 1]",-1
1732,2022-07-12,"[-1, 1, 1, 1, -1, 1, -1, -1, -1, -1]",-1
1733,2022-07-13,"[1, 1, 1, 1, 1, -1, 1, 1, -1, -1]",1
1734,2022-07-14,"[1, -1, 1, 1, 1, 1, 1, 1, -1, 1]",1
1735,2022-07-15,"[-1, 1, 1, -1, 1, 1, 1, 1, -1, 1]",1
1736,2022-07-16,"[1, -1, 1, 1, 1, -1, 1, 1, -1, -1]",1
1737,2022-07-17,"[1, -1, 1, 1, -1, 1, 1, -1, 1, -1]",1
1738,2022-07-18,"[-1, 1, 1, 1, -1, 1, -1, 1, 1, 1]",1
1739,2022-07-19,"[1, 1, 1, -1, 1, 1, 1, 1, 1, 1]",1
1740,2022-07-20,"[1, 1, -1, -1, -1, -1, 1, 1, 1, -1]",1
1741,2022-07-21,"[1, -1, 1, 1, -1, 1, -1, -1, 1, -1]",1
1742,2022-07-22,"[-1, -1, -1, 1, -1, 1, -1, 1, 1, 1]",1
1743,2022-07-23,"[1, 1, -1, 1, 1, 1, 1, 1, 1, 1]",1
1744,2022-07-24,"[-1, 1, 1, 1, -1, -1, 1, -1, 1, 1]",1
1745,2022-07-25,"[-1, 1, -1, 1, 1, 1, 1, -1, -1, -1]",1
1746,2022-07-26,"[-1, -1, 1, 1, -1, -1, 1, 1, -1, 1]",1
1747,2022-07-27,"[1, 1, -1, -1, -1, -1, -1, 1, -1, -1]",-1
1748,2022-07-28,"[-1, -1, 1, -1, 1, 1, 1, 1, -1, 1]",1
1749,2022-07-29,"[-1, 1, 1, 1, -1, 1, 1, 1, -1, 1]",1
1750,2022-07-30,"[1, -1, 1, 1, 1, 1, -1, 1, -1, 1]",1
1751,2022-07-31,"[1, -1, -1, 1, 1, 1, 1, 1, 1, -1]",1
1752,2022-08-01,"[1, -1, -1, 1, 1, 1, 1, -1, 1, -1]",1
1753,2022-08-02,"[-1, 1, 1, -1, 1, 1, 1, -1, -1, 1]",1
1754,2022-08-03,"[1, 1, 1, 1, 1, 1, 1, 1, 1, 1]",1
1755,2022-08-04,"[1, -1, 1, -1, 1, 1, -1, 1, 1, -1]",1
1756,2022-08-05,"[-1, 1, 1, -1, 1, 1, -1, -1, 1, 1]",1
1757,2022-08-06,"[1, -1, 1, 1, -1, 1, 1, 1, -1, 1]",1
1758,2022-08-07,"[1, 1, 1, -1, 1, 1, 1, 1, 1, -1]",1
1759,2022-08-08,"[-1, -1, 1, -1, 1, -1, 1, -1, -1, -1]",-1
1760,2022-08-09,"[1, 1, -1, 1, -1, 1, 1, -1, -1, -1]",1
1761,2022-08-10,"[-1, -1, 1, 1, -1, 1, 1, 1, 1, 1]",1
1762,2022-08-11,"[1, 1, -1, 1, 1, 1, -1, 1, 1, 1]",1
1763,2022-08-12,"[1, -1, 1, -1, -1, -1, 1, 1, 1, 1]",1
1764,2022-08-13,"[1, 1, -1, 1, 1, 1, 1, -1, 1, 1]",1
1765,2022-08-14,"[1, 1, 1, -1, 1, 1, 1, 1, 1, 1]",1
1766,2022-08-15,"[-1, 1, 1, 1, 1, 1, 1, 1, 1, 1]",1
1767,2022-08-16,"[-1, -1, -1, 1, 1, -1, 1, 1, 1, 1]",1
1768,2022-08-17,"[1, -1, 1, 1, 1, -1, 1, 1, -1, 1]",1
1769,2022-08-18,"[-1, -1, 1, 1, -1, -1, -1, -1, -1, 1]",-1
1770,2022-08-19,"[-1, -1, 1, 1, 1, 1, 1, -1, -1, 1]",1
1771,2022-08-20,"[1, 1, 1, 1, 1, 1, 1, 1, 1, 1]",1
1772,2022-08-21,"[-1, 1, 1, 1, -1, 1, -1, 1, -1, -1]",1
1773,2022-08-22,"[-1, 1, -1, -1, -1, 1, -1, 1, 1, 1]",1
1774,2022-08-23,"[1, 1, -1, -1, -1, 1, 1, 1, -1, 1]",1
1775,2022-08-24,"[1, -1, 1, 1, -1, -1, -1, 1, 1, -1]",1
1776,2022-08-25,"[-1, -1, 1, 1, -1, -1, -1, 1, -1, -1]",-1
1777,2022-08-26,"[-1, -1, 1, 1, -1, -1, 1, -1, 1, -1]",-1
1778,2022-08-27,"[-1, 1, -1, -1, 1, -1, 1, 1, 1, -1]",1
1779,2022-08-28,"[1, 1, 1, 1, 1, -1, -1, 1, 1, -1]",1
1780,2022-08-29,"[1, -1, -1, 1, 1, 1, -1, 1, 1, 1]",1
1781,2022-08-30,"[-1, 1, 1, 1, 1, 1, -1, 1, -1, 1]",1
1782,2022-08-31,"[-1, 1, 1, 1, -1, -1, 1, 1, 1, -1]",1
1783,2022-09-01,"[-1, -1, -1, -1, -1, 1, -1, -1, 1, 1]",-1
1784,2022-09-02,"[1, 1, -1, -1, -1, -1, 1, 1, -1, 1]",1
1785,2022-09-03,"[1, 1, 1, 1, 1, 1, 1, 1, 1, 1]",1
1786,2022-09-04,"[1, 1, 1, 1, 1, 1, 1, 1, -1, -1]",1
1787,2022-09-05,"[1, 1, 1, 1, -1, 1, 1, -1, -1, 1]",1
1788,2022-09-06,"[1, 1, 1, 1, -1, 1, 1, 1, 1, 1]",1
1789,2022-09-07,"[1, -1, 1, 1, 1, 1, 1, 1, -1, 1]",1
1790,2022-09-08,"[-1, 1, -1, 1, 1, -1, 1, -1, -1, 1]",1
1791,2022-09-09,"[-1, -1, 1, -1, -1, -1, 1, 1, 1, -1]",-1
1792,2022-09-10,"[1, 1, 1, -1, 1, 1, 1, 1, -1, 1]",1
1793,2022-09-11,"[1, -1, 1, 1, 1, 1, 1, 1, 1, 1]",1
1794,2022-09-12,"[1, 1, -1, 1, -1, 1, 1, 1, 1, 1]",1
1795,2022-09-13,"[-1, 1, -1, 1, 1, 1, -1, 1, -1, 1]",1
1796,2022-09-14,"[-1, 1, -1, 1, 1, -1, 1, 1, 1, 1]",1
1797,2022-09-15,"[-1, 1, 1, 1, 1, -1, -1, 1, 1, 1]",1
1798,2022-09-16,"[-1, -1, -1, 1, 1, -1, 1, 1, 1, 1]",1
1799,2022-09-17,"[-1, 1, 1, 1, -1, 1, 1, 1, -1, -1]",1
1800,2022-09-18,"[-1, 1, 1, 1, -1, 1, -1, 1, 1, 1]",1
1801,2022-09-19,"[1, -1, -1, 1, 1, -1, -1, -1, 1, -1]",-1
1802,2022-09-20,"[1, 1, 1, 1, -1, 1, 1, 1, 1, -1]",1
1803,2022-09-21,"[-1, 1, -1, 1, 1, 1, 1, -1, -1, -1]",1
1804,2022-09-22,"[1, 1, 1, 1, 1, -1, -1, 1, -1, -1]",1
1805,2022-09-23,"[1, -1, -1, 1, 1, 1, 1, -1, -1, 1]",1
1806,2022-09-24,"[1, -1, -1, 1, -1, 1, -1, -1, 1, 1]",1
1807,2022-09-25,"[1, 1, 1, 1, -1, 1, -1, -1, 1, 1]",1
1808,2022-09-26,"[1, 1, -1, -1, 1, -1, -1, 1, -1, 1]",1
1809,2022-09-27,"[1, 1, 1, 1, 1, -1, 1, -1, 1, 1]",1
1810,2022-09-28,"[-1, -1, 1, 1, -1, 1, -1, -1, 1, -1]",-1
1811,2022-09-29,"[-1, 1, -1, 1, -1, 1, -1, 1, 1, 1]",1
1812,2022-09-30,"[-1, 1, -1, -1, 1, 1, -1, 1, 1, 1]",1
1813,2022-10-01,"[1, 1, 1, -1, -1, 1, 1, 1, 1, -1]",1
1814,2022-10-02,"[-1, 1, 1, 1, -1, -1, -1, 1, 1, -1]",1
1815,2022-10-03,"[-1, -1, -1, 1, -1, -1, -1, 1, 1, 1]",-1
1816,2022-10-04,"[-1, 1, -1, 1, -1, 1, 1, 1, 1, -1]",1
1817,2022-10-05,"[1, -1, 1, 1, -1, -1, -1, 1, 1, 1]",1
1818,2022-10-06,"[-1, -1, 1, 1, 1, 1, 1, 1, 1, -1]",1
1819,2022-10-07,"[-1, 1, 1, 1, 1, 1, -1, 1, 1, 1]",1
1820,2022-10-08,"[-1, 1, -1, 1, -1, 1, 1, -1, -1, -1]",-1
1821,2022-10-09,"[-1, 1, 1, 1, -1, 1, -1, 1, 1, 1]",1
1822,2022-10-10,"[1, 1, -1, -1, 1, 1, -1, -1, -1, 1]",1
1823,2022-10-11,"[1, 1, 1, 1, 1, 1, 1, 1, 1, -1]",1
1824,2022-10-12,"[-1, -1, 1, 1, -1, 1, -1, -1, -1, 1]",-1
